f2,f3,f7,f10,f13,f14,f1,f4,f5,f6,f8,f9,f11,f12,Class
64.0,167.0,38.0,0.0,31.0,160.0,2.0,1.0,3.0,3.0,1.0,1.0,2.0,1.0,1.0
71.0,122.0,4.0,0.0,52.0,0.0,1.0,1.0,7.0,3.0,1.0,1.0,1.0,1.0,1.0
141.0,51.0,30.0,0.0,97.0,0.0,1.0,0.0,3.0,3.0,1.0,1.0,2.0,1.0,1.0
59.0,168.0,0.0,11.0,0.0,0.0,1.0,0.0,4.0,2.0,2.0,2.0,2.0,1.0,2.0
43.0,133.0,45.0,14.0,17.0,67.0,2.0,1.0,5.0,3.0,2.0,2.0,1.0,1.0,2.0
3.0,19.0,36.0,2.0,31.0,0.0,1.0,1.0,7.0,6.0,2.0,2.0,1.0,1.0,2.0
15.0,118.0,3.0,0.0,17.0,49.0,2.0,1.0,2.0,3.0,1.0,1.0,1.0,1.0,1.0
329.0,93.0,65.0,6.0,11.0,119.0,1.0,1.0,10.0,6.0,2.0,2.0,1.0,1.0,2.0
125.0,32.0,64.0,0.0,60.0,116.0,2.0,0.0,1.0,6.0,1.0,1.0,1.0,1.0,1.0
314.0,124.0,99.0,3.0,31.0,35.0,1.0,1.0,3.0,6.0,2.0,2.0,2.0,1.0,1.0
182.0,51.0,80.0,4.0,88.0,143.0,2.0,1.0,13.0,6.0,2.0,2.0,2.0,1.0,2.0
247.0,101.0,84.0,6.0,147.0,0.0,2.0,1.0,10.0,6.0,2.0,2.0,2.0,1.0,2.0
48.0,39.0,33.0,3.0,44.0,78.0,2.0,0.0,7.0,6.0,2.0,2.0,2.0,1.0,1.0
197.0,101.0,103.0,6.0,0.0,149.0,2.0,1.0,13.0,6.0,2.0,2.0,2.0,1.0,2.0
328.0,68.0,55.0,0.0,106.0,0.0,2.0,1.0,7.0,3.0,1.0,1.0,2.0,1.0,1.0
283.0,115.0,1.0,0.0,0.0,195.0,2.0,1.0,3.0,3.0,1.0,1.0,1.0,1.0,2.0
141.0,94.0,103.0,2.0,108.0,0.0,2.0,1.0,8.0,3.0,2.0,2.0,2.0,1.0,2.0
32.0,138.0,19.0,2.0,25.0,123.0,1.0,1.0,5.0,3.0,2.0,2.0,1.0,1.0,2.0
41.0,39.0,3.0,0.0,44.0,4.0,2.0,0.0,3.0,3.0,1.0,1.0,1.0,1.0,1.0
68.0,110.0,59.0,7.0,40.0,201.0,1.0,1.0,10.0,3.0,2.0,2.0,1.0,1.0,2.0
128.0,19.0,1.0,0.0,91.0,150.0,1.0,1.0,5.0,3.0,1.0,1.0,1.0,1.0,1.0
34.0,19.0,15.0,0.0,52.0,0.0,1.0,0.0,5.0,3.0,2.0,1.0,2.0,1.0,1.0
245.0,41.0,4.0,0.0,56.0,0.0,2.0,1.0,1.0,3.0,1.0,1.0,1.0,1.0,1.0
249.0,51.0,5.0,0.0,52.0,0.0,2.0,1.0,3.0,3.0,2.0,1.0,1.0,1.0,1.0
37.0,145.0,20.0,0.0,23.0,100.0,2.0,1.0,5.0,3.0,1.0,1.0,1.0,1.0,1.0
175.0,45.0,92.0,3.0,0.0,0.0,2.0,1.0,12.0,6.0,2.0,2.0,2.0,1.0,2.0
69.0,4.0,3.0,0.0,68.0,43.0,2.0,0.0,3.0,3.0,1.0,1.0,1.0,1.0,1.0
180.0,73.0,47.0,1.0,62.0,234.0,2.0,0.0,7.0,6.0,2.0,2.0,2.0,1.0,2.0
154.0,174.0,46.0,1.0,76.0,19.0,1.0,1.0,7.0,3.0,2.0,2.0,1.0,1.0,2.0
76.0,65.0,27.0,11.0,17.0,185.0,2.0,1.0,7.0,3.0,2.0,2.0,2.0,1.0,2.0
117.0,25.0,77.0,3.0,105.0,65.0,2.0,1.0,7.0,6.0,2.0,2.0,2.0,1.0,2.0
46.0,159.0,0.0,0.0,50.0,27.0,1.0,0.0,13.0,6.0,1.0,1.0,2.0,1.0,1.0
304.0,42.0,113.0,0.0,68.0,49.0,2.0,0.0,7.0,6.0,2.0,1.0,2.0,1.0,1.0
76.0,168.0,49.0,11.0,99.0,91.0,2.0,1.0,8.0,6.0,2.0,2.0,2.0,1.0,2.0
258.0,39.0,122.0,1.0,114.0,53.0,2.0,1.0,6.0,3.0,1.0,2.0,2.0,1.0,1.0
347.0,203.0,1.0,2.0,0.0,101.0,2.0,0.0,0.0,0.0,1.0,2.0,1.0,1.0,1.0
94.0,179.0,64.0,0.0,2.0,0.0,2.0,1.0,5.0,3.0,2.0,1.0,2.0,0.0,2.0
235.0,190.0,110.0,6.0,19.0,0.0,2.0,1.0,8.0,3.0,2.0,2.0,2.0,1.0,2.0
281.0,131.0,105.0,6.0,0.0,163.0,1.0,1.0,7.0,3.0,2.0,2.0,2.0,1.0,2.0
279.0,72.0,122.0,2.0,154.0,177.0,1.0,1.0,13.0,3.0,2.0,2.0,2.0,1.0,2.0
77.0,0.0,2.0,0.0,0.0,0.0,2.0,1.0,12.0,3.0,2.0,1.0,1.0,1.0,2.0
70.0,45.0,14.0,0.0,37.0,41.0,2.0,0.0,5.0,3.0,1.0,1.0,2.0,1.0,1.0
114.0,36.0,30.0,0.0,0.0,215.0,2.0,1.0,13.0,6.0,2.0,1.0,1.0,1.0,2.0
337.0,17.0,15.0,3.0,62.0,0.0,2.0,1.0,7.0,3.0,2.0,2.0,2.0,1.0,1.0
83.0,13.0,1.0,2.0,39.0,6.0,2.0,0.0,7.0,3.0,1.0,2.0,1.0,1.0,1.0
49.0,155.0,18.0,2.0,13.0,0.0,1.0,1.0,10.0,3.0,2.0,2.0,2.0,1.0,2.0
89.0,51.0,4.0,0.0,42.0,0.0,1.0,0.0,7.0,3.0,1.0,1.0,1.0,1.0,1.0
7.0,1.0,1.0,0.0,0.0,0.0,2.0,1.0,7.0,3.0,1.0,1.0,1.0,1.0,2.0
140.0,54.0,46.0,0.0,90.0,17.0,1.0,0.0,9.0,6.0,1.0,1.0,1.0,1.0,1.0
307.0,195.0,92.0,14.0,0.0,187.0,1.0,1.0,7.0,3.0,2.0,2.0,1.0,1.0,2.0
172.0,81.0,13.0,0.0,83.0,0.0,2.0,1.0,3.0,3.0,1.0,1.0,2.0,1.0,1.0
52.0,89.0,1.0,0.0,44.0,49.0,2.0,0.0,2.0,6.0,1.0,1.0,1.0,1.0,1.0
128.0,4.0,2.0,0.0,75.0,184.0,2.0,0.0,3.0,3.0,1.0,1.0,1.0,1.0,1.0
33.0,51.0,53.0,0.0,35.0,6.0,2.0,0.0,7.0,3.0,1.0,1.0,2.0,1.0,1.0
122.0,77.0,86.0,2.0,118.0,1.0,2.0,0.0,10.0,6.0,1.0,2.0,2.0,1.0,1.0
125.0,45.0,46.0,11.0,139.0,29.0,2.0,1.0,8.0,3.0,2.0,2.0,2.0,1.0,2.0
238.0,118.0,72.0,1.0,0.0,114.0,2.0,1.0,5.0,4.0,2.0,2.0,1.0,1.0,2.0
215.0,65.0,5.0,0.0,91.0,85.0,1.0,1.0,2.0,6.0,1.0,1.0,1.0,1.0,1.0
256.0,100.0,68.0,0.0,15.0,172.0,2.0,0.0,8.0,3.0,2.0,1.0,2.0,1.0,2.0
320.0,176.0,30.0,4.0,68.0,0.0,2.0,1.0,6.0,3.0,2.0,2.0,2.0,1.0,2.0
261.0,101.0,51.0,0.0,45.0,0.0,2.0,1.0,2.0,4.0,1.0,1.0,2.0,1.0,1.0
83.0,24.0,6.0,1.0,85.0,4.0,1.0,1.0,8.0,3.0,1.0,2.0,2.0,1.0,1.0
27.0,54.0,36.0,2.0,37.0,93.0,2.0,1.0,2.0,3.0,2.0,2.0,1.0,1.0,2.0
242.0,81.0,13.0,0.0,169.0,0.0,1.0,1.0,2.0,4.0,1.0,1.0,1.0,0.0,1.0
89.0,16.0,36.0,0.0,97.0,140.0,1.0,1.0,10.0,6.0,2.0,1.0,1.0,1.0,2.0
252.0,148.0,106.0,8.0,0.0,0.0,2.0,1.0,13.0,6.0,2.0,2.0,1.0,1.0,2.0
37.0,5.0,1.0,0.0,123.0,0.0,1.0,1.0,10.0,3.0,1.0,1.0,2.0,1.0,1.0
57.0,168.0,13.0,0.0,31.0,42.0,2.0,1.0,2.0,3.0,2.0,1.0,2.0,1.0,1.0
159.0,70.0,0.0,5.0,60.0,63.0,2.0,1.0,0.0,0.0,1.0,2.0,1.0,1.0,1.0
119.0,47.0,43.0,12.0,159.0,130.0,2.0,1.0,12.0,6.0,2.0,2.0,2.0,1.0,2.0
289.0,213.0,0.0,0.0,0.0,0.0,2.0,0.0,0.0,0.0,2.0,1.0,2.0,1.0,1.0
151.0,42.0,1.0,3.0,0.0,28.0,1.0,1.0,8.0,6.0,1.0,2.0,1.0,1.0,1.0
139.0,39.0,42.0,0.0,68.0,0.0,2.0,1.0,8.0,3.0,1.0,1.0,1.0,1.0,1.0
129.0,102.0,36.0,8.0,46.0,7.0,2.0,0.0,7.0,4.0,2.0,2.0,2.0,1.0,2.0
239.0,207.0,130.0,11.0,0.0,157.0,2.0,1.0,9.0,7.0,2.0,2.0,1.0,1.0,2.0
210.0,91.0,72.0,0.0,143.0,35.0,2.0,1.0,10.0,3.0,1.0,1.0,1.0,1.0,1.0
101.0,11.0,72.0,0.0,110.0,0.0,2.0,1.0,3.0,6.0,1.0,1.0,2.0,1.0,1.0
144.0,81.0,4.0,0.0,75.0,0.0,2.0,1.0,7.0,3.0,1.0,1.0,1.0,1.0,1.0
76.0,0.0,25.0,11.0,0.0,0.0,2.0,1.0,3.0,3.0,1.0,2.0,1.0,0.0,1.0
170.0,44.0,27.0,16.0,37.0,183.0,1.0,1.0,8.0,3.0,2.0,2.0,1.0,1.0,2.0
96.0,81.0,16.0,7.0,0.0,222.0,2.0,1.0,12.0,3.0,2.0,2.0,1.0,1.0,2.0
199.0,84.0,0.0,6.0,0.0,76.0,1.0,1.0,0.0,0.0,1.0,2.0,1.0,1.0,1.0
28.0,150.0,10.0,0.0,23.0,33.0,1.0,1.0,1.0,3.0,1.0,1.0,1.0,1.0,1.0
237.0,101.0,5.0,0.0,157.0,0.0,2.0,1.0,2.0,4.0,1.0,1.0,1.0,1.0,1.0
80.0,32.0,13.0,0.0,97.0,0.0,2.0,1.0,7.0,3.0,1.0,1.0,2.0,0.0,1.0
218.0,0.0,0.0,0.0,64.0,0.0,2.0,1.0,7.0,3.0,1.0,1.0,1.0,2.0,2.0
91.0,188.0,36.0,0.0,97.0,1.0,1.0,1.0,10.0,6.0,1.0,1.0,1.0,1.0,1.0
275.0,184.0,88.0,9.0,0.0,0.0,1.0,1.0,2.0,4.0,2.0,2.0,2.0,1.0,2.0
189.0,105.0,2.0,0.0,99.0,6.0,2.0,1.0,8.0,3.0,1.0,1.0,2.0,1.0,2.0
65.0,19.0,0.0,0.0,31.0,0.0,2.0,0.0,0.0,0.0,1.0,1.0,1.0,1.0,1.0
124.0,40.0,6.0,0.0,44.0,0.0,2.0,1.0,3.0,6.0,1.0,1.0,2.0,0.0,1.0
257.0,88.0,1.0,0.0,33.0,49.0,2.0,1.0,5.0,3.0,1.0,1.0,1.0,1.0,1.0
134.0,192.0,3.0,0.0,0.0,92.0,2.0,1.0,1.0,3.0,1.0,1.0,1.0,1.0,1.0
207.0,101.0,57.0,6.0,0.0,103.0,2.0,1.0,7.0,4.0,2.0,2.0,1.0,1.0,2.0
23.0,150.0,4.0,0.0,110.0,0.0,1.0,0.0,10.0,6.0,1.0,1.0,1.0,1.0,1.0
54.0,45.0,36.0,0.0,48.0,8.0,2.0,1.0,8.0,3.0,1.0,1.0,1.0,1.0,2.0
227.0,49.0,6.0,0.0,0.0,105.0,1.0,1.0,5.0,3.0,1.0,1.0,1.0,1.0,1.0
166.0,1.0,1.0,0.0,0.0,0.0,2.0,0.0,6.0,3.0,1.0,1.0,1.0,1.0,1.0
14.0,143.0,42.0,10.0,0.0,10.0,1.0,1.0,5.0,3.0,1.0,2.0,2.0,1.0,1.0
46.0,28.0,38.0,1.0,0.0,0.0,1.0,1.0,10.0,3.0,2.0,2.0,1.0,1.0,2.0
229.0,86.0,64.0,0.0,148.0,0.0,1.0,1.0,7.0,3.0,1.0,1.0,1.0,1.0,1.0
225.0,8.0,2.0,0.0,97.0,0.0,2.0,1.0,3.0,3.0,2.0,1.0,2.0,1.0,2.0
123.0,189.0,94.0,0.0,149.0,114.0,2.0,1.0,8.0,3.0,2.0,1.0,2.0,1.0,2.0
124.0,19.0,6.0,2.0,91.0,114.0,2.0,0.0,12.0,3.0,2.0,2.0,1.0,1.0,2.0
33.0,0.0,0.0,4.0,12.0,1.0,2.0,0.0,0.0,0.0,1.0,2.0,1.0,1.0,1.0
94.0,29.0,26.0,0.0,52.0,219.0,1.0,1.0,13.0,6.0,2.0,1.0,2.0,1.0,2.0
123.0,54.0,25.0,4.0,44.0,223.0,2.0,1.0,13.0,6.0,2.0,2.0,1.0,1.0,2.0
66.0,138.0,2.0,0.0,0.0,0.0,2.0,1.0,5.0,3.0,1.0,1.0,1.0,1.0,1.0
294.0,187.0,109.0,0.0,0.0,0.0,1.0,1.0,3.0,6.0,2.0,1.0,2.0,1.0,2.0
172.0,65.0,30.0,0.0,97.0,0.0,2.0,1.0,7.0,3.0,1.0,1.0,2.0,1.0,1.0
221.0,153.0,3.0,0.0,52.0,0.0,2.0,0.0,3.0,3.0,1.0,1.0,1.0,1.0,1.0
278.0,118.0,25.0,0.0,0.0,81.0,2.0,1.0,7.0,3.0,1.0,1.0,2.0,1.0,1.0
125.0,86.0,94.0,2.0,21.0,0.0,2.0,0.0,2.0,6.0,2.0,2.0,2.0,1.0,1.0
203.0,30.0,19.0,4.0,0.0,174.0,1.0,1.0,5.0,3.0,2.0,2.0,1.0,1.0,2.0
183.0,9.0,75.0,0.0,135.0,0.0,2.0,1.0,2.0,4.0,1.0,1.0,2.0,0.0,1.0
188.0,2.0,1.0,1.0,97.0,179.0,2.0,0.0,6.0,4.0,2.0,2.0,2.0,1.0,2.0
49.0,157.0,8.0,1.0,23.0,35.0,1.0,1.0,12.0,6.0,2.0,2.0,2.0,1.0,2.0
180.0,32.0,19.0,7.0,110.0,206.0,2.0,1.0,13.0,3.0,2.0,2.0,2.0,1.0,2.0
72.0,163.0,57.0,7.0,31.0,139.0,2.0,1.0,10.0,3.0,2.0,2.0,2.0,1.0,2.0
289.0,135.0,118.0,9.0,63.0,176.0,2.0,1.0,7.0,6.0,2.0,2.0,1.0,1.0,2.0
241.0,101.0,84.0,7.0,0.0,200.0,2.0,1.0,7.0,3.0,2.0,2.0,1.0,1.0,2.0
48.0,28.0,46.0,0.0,85.0,0.0,2.0,0.0,7.0,3.0,1.0,1.0,2.0,0.0,1.0
226.0,45.0,0.0,0.0,22.0,0.0,1.0,1.0,0.0,0.0,1.0,1.0,1.0,1.0,1.0
322.0,204.0,92.0,7.0,0.0,199.0,1.0,1.0,7.0,3.0,2.0,2.0,1.0,1.0,2.0
159.0,84.0,16.0,9.0,63.0,0.0,1.0,1.0,12.0,6.0,2.0,2.0,2.0,1.0,2.0
63.0,26.0,7.0,1.0,135.0,90.0,2.0,1.0,8.0,3.0,1.0,2.0,1.0,1.0,1.0
326.0,150.0,75.0,14.0,0.0,175.0,1.0,1.0,10.0,3.0,2.0,2.0,1.0,1.0,2.0
136.0,12.0,7.0,0.0,76.0,61.0,2.0,1.0,7.0,3.0,1.0,1.0,1.0,1.0,1.0
272.0,86.0,0.0,0.0,31.0,147.0,1.0,1.0,4.0,2.0,2.0,1.0,1.0,1.0,2.0
51.0,72.0,27.0,8.0,52.0,1.0,2.0,0.0,1.0,3.0,2.0,2.0,2.0,1.0,2.0
91.0,179.0,36.0,12.0,37.0,120.0,1.0,1.0,5.0,3.0,2.0,2.0,2.0,1.0,2.0
50.0,16.0,25.0,0.0,91.0,0.0,1.0,0.0,9.0,1.0,1.0,1.0,1.0,1.0,1.0
90.0,186.0,0.0,0.0,64.0,0.0,2.0,0.0,0.0,0.0,1.0,1.0,1.0,1.0,1.0
111.0,68.0,2.0,0.0,23.0,0.0,1.0,0.0,7.0,3.0,1.0,1.0,1.0,0.0,1.0
243.0,28.0,0.0,0.0,41.0,1.0,2.0,1.0,0.0,0.0,2.0,1.0,1.0,1.0,1.0
222.0,92.0,3.0,0.0,52.0,0.0,1.0,1.0,7.0,3.0,1.0,1.0,1.0,1.0,1.0
38.0,19.0,0.0,3.0,113.0,136.0,2.0,1.0,0.0,0.0,1.0,2.0,1.0,1.0,1.0
231.0,143.0,98.0,14.0,85.0,210.0,2.0,1.0,6.0,3.0,2.0,2.0,1.0,1.0,2.0
103.0,16.0,35.0,5.0,105.0,0.0,2.0,1.0,7.0,3.0,2.0,2.0,2.0,1.0,2.0
273.0,72.0,54.0,8.0,128.0,207.0,1.0,1.0,7.0,3.0,2.0,2.0,2.0,1.0,2.0
39.0,150.0,22.0,0.0,44.0,0.0,2.0,0.0,3.0,6.0,2.0,1.0,2.0,1.0,1.0
66.0,39.0,70.0,0.0,97.0,0.0,1.0,0.0,0.0,0.0,1.0,1.0,1.0,1.0,1.0
31.0,82.0,0.0,0.0,62.0,1.0,2.0,0.0,0.0,0.0,1.0,1.0,2.0,1.0,1.0
338.0,205.0,128.0,9.0,0.0,149.0,2.0,1.0,13.0,6.0,2.0,2.0,2.0,1.0,2.0
10.0,39.0,6.0,1.0,33.0,47.0,1.0,1.0,10.0,3.0,1.0,2.0,1.0,1.0,1.0
342.0,195.0,0.0,14.0,0.0,203.0,1.0,1.0,9.0,7.0,2.0,2.0,1.0,1.0,2.0
348.0,209.0,119.0,1.0,0.0,52.0,2.0,1.0,9.0,7.0,2.0,2.0,2.0,1.0,2.0
4.0,71.0,2.0,0.0,37.0,0.0,1.0,1.0,10.0,3.0,1.0,1.0,1.0,1.0,1.0
196.0,86.0,118.0,0.0,64.0,0.0,2.0,1.0,1.0,4.0,2.0,1.0,2.0,1.0,1.0
279.0,131.0,98.0,6.0,122.0,238.0,1.0,1.0,9.0,4.0,2.0,2.0,1.0,1.0,2.0
77.0,0.0,0.0,0.0,64.0,0.0,2.0,1.0,7.0,3.0,1.0,1.0,1.0,2.0,2.0
269.0,45.0,57.0,0.0,44.0,0.0,2.0,1.0,7.0,3.0,2.0,1.0,2.0,1.0,1.0
1.0,122.0,25.0,0.0,160.0,0.0,2.0,1.0,9.0,3.0,1.0,1.0,1.0,1.0,1.0
31.0,13.0,4.0,1.0,68.0,1.0,2.0,0.0,7.0,3.0,1.0,2.0,1.0,1.0,1.0
306.0,118.0,97.0,15.0,0.0,230.0,2.0,1.0,3.0,3.0,2.0,2.0,1.0,1.0,2.0
34.0,0.0,0.0,0.0,151.0,1.0,2.0,0.0,6.0,4.0,1.0,1.0,2.0,0.0,2.0
21.0,5.0,5.0,0.0,68.0,31.0,2.0,1.0,10.0,5.0,1.0,1.0,1.0,1.0,2.0
217.0,28.0,1.0,0.0,37.0,5.0,2.0,1.0,9.0,3.0,1.0,1.0,1.0,1.0,1.0
71.0,47.0,66.0,6.0,23.0,0.0,2.0,0.0,8.0,3.0,2.0,2.0,1.0,1.0,2.0
282.0,90.0,2.0,0.0,155.0,0.0,2.0,1.0,13.0,4.0,1.0,1.0,2.0,1.0,1.0
188.0,65.0,25.0,0.0,145.0,16.0,2.0,1.0,7.0,3.0,1.0,1.0,1.0,1.0,1.0
179.0,48.0,14.0,0.0,0.0,0.0,1.0,1.0,1.0,3.0,1.0,1.0,2.0,1.0,1.0
260.0,12.0,9.0,8.0,101.0,69.0,2.0,0.0,7.0,3.0,2.0,2.0,2.0,1.0,2.0
192.0,87.0,109.0,7.0,67.0,0.0,2.0,0.0,2.0,4.0,2.0,2.0,2.0,1.0,2.0
257.0,72.0,25.0,0.0,0.0,76.0,2.0,1.0,2.0,4.0,2.0,1.0,1.0,1.0,1.0
24.0,5.0,6.0,0.0,97.0,0.0,2.0,1.0,1.0,3.0,1.0,1.0,2.0,0.0,1.0
76.0,65.0,2.0,0.0,31.0,208.0,2.0,1.0,0.0,0.0,1.0,1.0,2.0,1.0,1.0
69.0,134.0,56.0,0.0,54.0,0.0,1.0,0.0,13.0,3.0,1.0,1.0,1.0,1.0,2.0
20.0,7.0,1.0,0.0,97.0,134.0,2.0,1.0,5.0,3.0,1.0,1.0,1.0,1.0,1.0
26.0,158.0,3.0,0.0,37.0,104.0,2.0,0.0,5.0,3.0,2.0,1.0,1.0,1.0,1.0
123.0,45.0,46.0,0.0,117.0,0.0,1.0,1.0,6.0,3.0,2.0,1.0,1.0,0.0,1.0
32.0,140.0,25.0,4.0,23.0,114.0,1.0,0.0,7.0,3.0,2.0,2.0,2.0,1.0,2.0
71.0,25.0,38.0,1.0,130.0,9.0,2.0,1.0,2.0,3.0,1.0,2.0,2.0,1.0,1.0
335.0,182.0,84.0,0.0,35.0,0.0,2.0,0.0,7.0,6.0,2.0,1.0,1.0,1.0,1.0
81.0,138.0,109.0,5.0,37.0,0.0,1.0,1.0,10.0,3.0,2.0,2.0,2.0,1.0,2.0
200.0,76.0,73.0,0.0,162.0,0.0,2.0,1.0,13.0,6.0,2.0,1.0,2.0,1.0,1.0
321.0,91.0,84.0,0.0,0.0,4.0,1.0,0.0,0.0,0.0,1.0,1.0,2.0,1.0,1.0
308.0,5.0,0.0,0.0,18.0,25.0,1.0,1.0,0.0,0.0,1.0,1.0,2.0,0.0,1.0
245.0,87.0,100.0,8.0,106.0,0.0,2.0,1.0,12.0,6.0,2.0,2.0,1.0,1.0,2.0
254.0,102.0,119.0,0.0,26.0,0.0,2.0,1.0,10.0,6.0,2.0,1.0,2.0,1.0,2.0
245.0,39.0,6.0,0.0,0.0,74.0,2.0,0.0,8.0,3.0,1.0,1.0,1.0,1.0,1.0
185.0,25.0,25.0,3.0,74.0,0.0,1.0,1.0,3.0,4.0,2.0,2.0,2.0,1.0,1.0
102.0,179.0,29.0,22.0,44.0,88.0,2.0,1.0,12.0,3.0,2.0,2.0,2.0,1.0,2.0
87.0,119.0,92.0,0.0,31.0,0.0,2.0,0.0,1.0,3.0,2.0,1.0,2.0,0.0,2.0
79.0,170.0,22.0,0.0,52.0,93.0,2.0,0.0,8.0,3.0,2.0,1.0,2.0,1.0,2.0
154.0,65.0,51.0,0.0,110.0,0.0,2.0,1.0,12.0,6.0,1.0,1.0,2.0,0.0,1.0
214.0,86.0,84.0,0.0,97.0,0.0,2.0,1.0,7.0,4.0,2.0,1.0,2.0,0.0,1.0
109.0,46.0,3.0,0.0,31.0,0.0,2.0,1.0,8.0,3.0,1.0,1.0,1.0,1.0,1.0
143.0,21.0,6.0,0.0,101.0,0.0,1.0,1.0,8.0,3.0,1.0,1.0,2.0,1.0,1.0
75.0,53.0,0.0,1.0,68.0,36.0,1.0,1.0,4.0,2.0,1.0,2.0,1.0,1.0,1.0
13.0,72.0,1.0,0.0,52.0,31.0,2.0,1.0,3.0,3.0,1.0,1.0,2.0,1.0,1.0
138.0,194.0,85.0,5.0,56.0,0.0,2.0,1.0,5.0,3.0,2.0,2.0,2.0,1.0,2.0
133.0,82.0,13.0,0.0,58.0,0.0,1.0,1.0,2.0,4.0,2.0,1.0,2.0,1.0,1.0
193.0,0.0,0.0,0.0,64.0,0.0,2.0,1.0,7.0,3.0,1.0,1.0,1.0,2.0,1.0
80.0,19.0,2.0,0.0,62.0,0.0,2.0,1.0,7.0,6.0,2.0,1.0,1.0,1.0,1.0
94.0,166.0,57.0,17.0,68.0,158.0,2.0,1.0,7.0,3.0,2.0,2.0,1.0,1.0,2.0
30.0,126.0,61.0,5.0,64.0,235.0,1.0,1.0,10.0,3.0,2.0,2.0,1.0,1.0,2.0
12.0,9.0,8.0,4.0,52.0,8.0,2.0,1.0,10.0,3.0,1.0,2.0,1.0,1.0,1.0
6.0,11.0,0.0,1.0,52.0,58.0,1.0,1.0,0.0,0.0,1.0,2.0,1.0,1.0,1.0
177.0,65.0,42.0,2.0,164.0,0.0,2.0,1.0,5.0,3.0,1.0,2.0,2.0,1.0,1.0
45.0,150.0,25.0,4.0,14.0,173.0,1.0,1.0,7.0,6.0,2.0,2.0,1.0,1.0,2.0
60.0,51.0,0.0,0.0,52.0,0.0,1.0,0.0,4.0,2.0,1.0,1.0,1.0,1.0,1.0
180.0,33.0,98.0,0.0,54.0,236.0,2.0,1.0,11.0,6.0,2.0,1.0,2.0,1.0,2.0
98.0,56.0,62.0,0.0,116.0,1.0,1.0,1.0,7.0,6.0,2.0,1.0,2.0,1.0,1.0
91.0,72.0,43.0,18.0,0.0,114.0,1.0,1.0,10.0,6.0,2.0,2.0,1.0,1.0,2.0
156.0,0.0,30.0,1.0,69.0,0.0,2.0,1.0,8.0,3.0,2.0,2.0,1.0,1.0,2.0
49.0,103.0,7.0,0.0,44.0,73.0,2.0,0.0,4.0,3.0,1.0,1.0,1.0,1.0,1.0
240.0,132.0,4.0,2.0,64.0,18.0,1.0,0.0,3.0,3.0,1.0,2.0,1.0,1.0,1.0
139.0,39.0,6.0,2.0,130.0,51.0,2.0,1.0,7.0,6.0,1.0,2.0,2.0,1.0,1.0
243.0,16.0,13.0,0.0,41.0,0.0,2.0,0.0,6.0,3.0,1.0,1.0,2.0,1.0,1.0
140.0,15.0,14.0,4.0,123.0,114.0,1.0,1.0,3.0,3.0,2.0,2.0,1.0,1.0,2.0
311.0,16.0,74.0,0.0,62.0,94.0,2.0,0.0,3.0,6.0,2.0,1.0,1.0,1.0,2.0
187.0,108.0,36.0,0.0,17.0,0.0,2.0,0.0,7.0,3.0,1.0,1.0,2.0,1.0,1.0
94.0,174.0,51.0,2.0,37.0,5.0,2.0,1.0,3.0,3.0,2.0,2.0,2.0,1.0,1.0
112.0,66.0,0.0,0.0,62.0,40.0,1.0,0.0,0.0,0.0,1.0,1.0,2.0,1.0,1.0
179.0,96.0,39.0,2.0,0.0,0.0,1.0,1.0,10.0,6.0,2.0,2.0,1.0,1.0,2.0
184.0,58.0,36.0,0.0,37.0,0.0,2.0,1.0,7.0,3.0,1.0,1.0,1.0,2.0,1.0
206.0,108.0,84.0,0.0,72.0,128.0,2.0,1.0,2.0,4.0,1.0,1.0,1.0,1.0,1.0
37.0,10.0,7.0,0.0,97.0,102.0,2.0,1.0,3.0,3.0,1.0,1.0,1.0,1.0,1.0
86.0,29.0,82.0,2.0,155.0,179.0,2.0,1.0,10.0,3.0,2.0,2.0,2.0,1.0,2.0
152.0,118.0,75.0,7.0,0.0,200.0,1.0,1.0,7.0,4.0,2.0,2.0,2.0,1.0,2.0
41.0,122.0,13.0,0.0,0.0,0.0,2.0,1.0,7.0,3.0,1.0,1.0,1.0,1.0,1.0
98.0,18.0,7.0,7.0,29.0,213.0,2.0,1.0,7.0,3.0,2.0,2.0,2.0,1.0,2.0
141.0,98.0,46.0,1.0,145.0,42.0,2.0,1.0,6.0,3.0,1.0,2.0,2.0,1.0,1.0
261.0,60.0,19.0,0.0,158.0,0.0,2.0,1.0,2.0,4.0,2.0,1.0,1.0,1.0,1.0
135.0,37.0,13.0,0.0,97.0,0.0,2.0,1.0,3.0,3.0,2.0,1.0,1.0,0.0,1.0
162.0,72.0,100.0,0.0,0.0,1.0,2.0,0.0,2.0,4.0,1.0,1.0,1.0,1.0,1.0
44.0,149.0,0.0,0.0,0.0,0.0,2.0,1.0,9.0,1.0,2.0,1.0,1.0,1.0,2.0
268.0,135.0,123.0,1.0,25.0,179.0,2.0,1.0,12.0,6.0,2.0,2.0,2.0,1.0,2.0
73.0,61.0,52.0,7.0,44.0,192.0,1.0,1.0,10.0,6.0,2.0,2.0,2.0,1.0,2.0
48.0,72.0,4.0,3.0,31.0,6.0,1.0,1.0,10.0,3.0,2.0,2.0,1.0,1.0,2.0
125.0,45.0,51.0,1.0,31.0,3.0,2.0,1.0,8.0,3.0,1.0,2.0,2.0,1.0,1.0
243.0,60.0,114.0,0.0,60.0,0.0,2.0,0.0,13.0,6.0,2.0,1.0,2.0,1.0,1.0
317.0,214.0,131.0,21.0,0.0,15.0,2.0,0.0,7.0,3.0,2.0,2.0,1.0,1.0,2.0
338.0,5.0,0.0,1.0,83.0,49.0,1.0,1.0,0.0,0.0,2.0,2.0,1.0,1.0,2.0
68.0,166.0,19.0,4.0,0.0,96.0,1.0,0.0,13.0,6.0,2.0,2.0,1.0,1.0,2.0
87.0,65.0,80.0,0.0,68.0,110.0,1.0,0.0,2.0,4.0,1.0,1.0,1.0,1.0,1.0
344.0,114.0,0.0,0.0,0.0,0.0,1.0,1.0,0.0,0.0,1.0,1.0,1.0,0.0,1.0
202.0,25.0,36.0,0.0,82.0,0.0,2.0,1.0,3.0,3.0,1.0,1.0,2.0,1.0,1.0
286.0,174.0,127.0,0.0,34.0,0.0,2.0,1.0,6.0,3.0,2.0,1.0,1.0,0.0,2.0
127.0,195.0,0.0,0.0,0.0,231.0,1.0,0.0,9.0,7.0,2.0,1.0,1.0,1.0,2.0
199.0,65.0,80.0,7.0,48.0,164.0,2.0,1.0,3.0,3.0,2.0,2.0,1.0,1.0,2.0
292.0,128.0,104.0,15.0,0.0,212.0,2.0,1.0,2.0,4.0,2.0,2.0,2.0,1.0,2.0
349.0,108.0,14.0,0.0,0.0,98.0,2.0,1.0,7.0,3.0,2.0,1.0,1.0,1.0,1.0
138.0,184.0,13.0,0.0,80.0,0.0,2.0,1.0,1.0,6.0,1.0,1.0,1.0,1.0,1.0
11.0,16.0,4.0,6.0,85.0,29.0,1.0,1.0,2.0,3.0,1.0,2.0,2.0,1.0,1.0
5.0,5.0,25.0,2.0,106.0,1.0,1.0,1.0,5.0,3.0,1.0,2.0,2.0,1.0,1.0
332.0,192.0,129.0,15.0,0.0,149.0,2.0,1.0,0.0,0.0,2.0,2.0,2.0,1.0,2.0
126.0,54.0,76.0,2.0,63.0,0.0,2.0,1.0,3.0,6.0,2.0,2.0,2.0,1.0,2.0
248.0,46.0,72.0,0.0,75.0,0.0,2.0,1.0,2.0,4.0,1.0,1.0,1.0,1.0,2.0
85.0,138.0,6.0,0.0,0.0,0.0,2.0,1.0,5.0,3.0,1.0,1.0,2.0,1.0,1.0
89.0,185.0,1.0,0.0,37.0,112.0,2.0,0.0,5.0,3.0,1.0,1.0,2.0,1.0,1.0
195.0,195.0,91.0,9.0,0.0,60.0,2.0,1.0,11.0,5.0,2.0,2.0,2.0,1.0,2.0
184.0,39.0,28.0,0.0,37.0,0.0,2.0,1.0,8.0,3.0,1.0,1.0,1.0,1.0,1.0
242.0,150.0,42.0,0.0,7.0,142.0,1.0,1.0,10.0,6.0,2.0,1.0,1.0,1.0,2.0
46.0,53.0,51.0,1.0,31.0,65.0,2.0,1.0,7.0,3.0,2.0,2.0,1.0,1.0,2.0
217.0,36.0,36.0,0.0,137.0,0.0,2.0,0.0,1.0,3.0,1.0,1.0,2.0,1.0,2.0
287.0,91.0,3.0,0.0,79.0,0.0,2.0,1.0,6.0,3.0,2.0,1.0,2.0,1.0,2.0
75.0,25.0,13.0,0.0,106.0,0.0,2.0,1.0,6.0,3.0,1.0,1.0,2.0,0.0,1.0
198.0,80.0,108.0,0.0,0.0,0.0,2.0,1.0,7.0,6.0,1.0,1.0,2.0,1.0,1.0
9.0,69.0,17.0,1.0,23.0,21.0,2.0,1.0,5.0,3.0,1.0,2.0,1.0,1.0,1.0
71.0,159.0,32.0,0.0,31.0,0.0,2.0,1.0,10.0,6.0,2.0,1.0,1.0,1.0,2.0
60.0,172.0,6.0,0.0,62.0,0.0,1.0,1.0,7.0,3.0,1.0,1.0,2.0,1.0,1.0
95.0,66.0,6.0,0.0,119.0,0.0,1.0,0.0,5.0,3.0,2.0,1.0,2.0,1.0,2.0
208.0,57.0,2.0,1.0,14.0,156.0,2.0,0.0,8.0,3.0,2.0,2.0,1.0,1.0,2.0
133.0,84.0,6.0,1.0,10.0,66.0,1.0,1.0,7.0,3.0,1.0,2.0,2.0,1.0,1.0
65.0,175.0,71.0,2.0,62.0,71.0,2.0,1.0,7.0,3.0,1.0,2.0,2.0,1.0,1.0
189.0,46.0,37.0,1.0,155.0,237.0,2.0,1.0,12.0,3.0,2.0,2.0,2.0,1.0,2.0
198.0,65.0,25.0,0.0,72.0,0.0,2.0,1.0,2.0,3.0,1.0,1.0,2.0,1.0,1.0
133.0,83.0,6.0,0.0,31.0,0.0,2.0,1.0,5.0,3.0,1.0,1.0,2.0,1.0,1.0
34.0,107.0,7.0,0.0,23.0,113.0,1.0,1.0,2.0,6.0,1.0,1.0,1.0,1.0,1.0
78.0,32.0,22.0,0.0,101.0,0.0,2.0,1.0,7.0,3.0,2.0,1.0,1.0,0.0,2.0
10.0,4.0,4.0,0.0,42.0,0.0,2.0,1.0,7.0,3.0,1.0,1.0,1.0,1.0,1.0
42.0,4.0,25.0,1.0,85.0,135.0,1.0,1.0,10.0,3.0,1.0,2.0,1.0,1.0,2.0
67.0,163.0,46.0,1.0,23.0,89.0,2.0,1.0,8.0,3.0,2.0,2.0,1.0,1.0,2.0
187.0,103.0,27.0,0.0,148.0,0.0,2.0,0.0,2.0,4.0,1.0,1.0,2.0,1.0,1.0
322.0,11.0,25.0,0.0,87.0,186.0,1.0,1.0,2.0,4.0,2.0,1.0,2.0,1.0,1.0
8.0,28.0,2.0,0.0,68.0,0.0,2.0,1.0,6.0,3.0,2.0,1.0,1.0,0.0,1.0
176.0,65.0,62.0,6.0,52.0,182.0,2.0,1.0,12.0,6.0,2.0,2.0,1.0,1.0,2.0
285.0,210.0,42.0,3.0,37.0,14.0,2.0,1.0,8.0,3.0,2.0,2.0,1.0,1.0,2.0
189.0,69.0,57.0,0.0,83.0,76.0,2.0,1.0,2.0,4.0,1.0,1.0,2.0,1.0,1.0
25.0,38.0,0.0,0.0,31.0,0.0,2.0,0.0,9.0,1.0,1.0,1.0,1.0,1.0,1.0
265.0,16.0,115.0,0.0,130.0,0.0,2.0,1.0,6.0,3.0,2.0,1.0,1.0,0.0,1.0
227.0,51.0,13.0,0.0,101.0,2.0,2.0,1.0,3.0,3.0,1.0,1.0,2.0,1.0,1.0
163.0,25.0,72.0,0.0,106.0,0.0,2.0,0.0,5.0,3.0,1.0,1.0,2.0,1.0,1.0
95.0,50.0,40.0,1.0,127.0,20.0,2.0,1.0,13.0,3.0,2.0,2.0,2.0,1.0,2.0
340.0,163.0,130.0,7.0,4.0,0.0,2.0,1.0,9.0,7.0,2.0,2.0,2.0,1.0,2.0
246.0,0.0,125.0,0.0,0.0,0.0,2.0,1.0,7.0,4.0,2.0,1.0,1.0,1.0,2.0
159.0,36.0,0.0,1.0,29.0,19.0,2.0,1.0,0.0,0.0,1.0,2.0,1.0,1.0,1.0
213.0,97.0,0.0,0.0,52.0,0.0,1.0,1.0,0.0,0.0,1.0,1.0,1.0,1.0,1.0
172.0,126.0,38.0,0.0,135.0,0.0,2.0,1.0,9.0,4.0,2.0,1.0,2.0,0.0,1.0
167.0,75.0,65.0,2.0,68.0,4.0,1.0,1.0,0.0,0.0,1.0,2.0,2.0,1.0,1.0
92.0,69.0,51.0,6.0,64.0,124.0,2.0,1.0,7.0,3.0,2.0,2.0,1.0,1.0,2.0
62.0,17.0,1.0,1.0,166.0,39.0,2.0,0.0,13.0,3.0,2.0,2.0,2.0,1.0,2.0
190.0,72.0,102.0,0.0,0.0,0.0,2.0,1.0,12.0,6.0,2.0,1.0,2.0,1.0,2.0
301.0,72.0,36.0,0.0,62.0,4.0,2.0,0.0,0.0,0.0,1.0,1.0,1.0,1.0,1.0
162.0,45.0,0.0,2.0,68.0,50.0,1.0,1.0,0.0,0.0,1.0,2.0,2.0,1.0,1.0
223.0,23.0,9.0,2.0,79.0,114.0,2.0,1.0,7.0,3.0,1.0,2.0,1.0,1.0,1.0
230.0,50.0,3.0,5.0,148.0,0.0,2.0,1.0,13.0,3.0,2.0,2.0,2.0,1.0,2.0
23.0,64.0,24.0,2.0,52.0,122.0,2.0,1.0,7.0,5.0,1.0,2.0,2.0,1.0,1.0
228.0,101.0,72.0,10.0,0.0,0.0,2.0,1.0,12.0,3.0,2.0,2.0,2.0,1.0,2.0
41.0,164.0,46.0,0.0,43.0,0.0,2.0,1.0,7.0,3.0,1.0,1.0,2.0,1.0,1.0
175.0,62.0,94.0,0.0,100.0,0.0,2.0,1.0,1.0,6.0,1.0,1.0,2.0,1.0,1.0
28.0,111.0,14.0,0.0,37.0,0.0,2.0,1.0,1.0,3.0,1.0,1.0,1.0,1.0,1.0
3.0,129.0,3.0,1.0,0.0,68.0,1.0,1.0,10.0,3.0,1.0,2.0,2.0,1.0,1.0
232.0,113.0,114.0,14.0,129.0,0.0,2.0,1.0,12.0,6.0,2.0,2.0,2.0,1.0,2.0
38.0,21.0,40.0,0.0,76.0,5.0,1.0,1.0,8.0,3.0,1.0,1.0,1.0,1.0,1.0
55.0,159.0,64.0,0.0,0.0,0.0,2.0,1.0,7.0,3.0,2.0,1.0,2.0,1.0,2.0
71.0,25.0,46.0,2.0,68.0,106.0,1.0,1.0,7.0,3.0,1.0,2.0,2.0,1.0,1.0
102.0,77.0,52.0,1.0,134.0,21.0,2.0,1.0,7.0,6.0,1.0,2.0,2.0,1.0,1.0
52.0,152.0,30.0,0.0,91.0,0.0,2.0,0.0,9.0,6.0,1.0,1.0,1.0,1.0,1.0
290.0,45.0,0.0,0.0,31.0,25.0,1.0,1.0,4.0,2.0,2.0,1.0,2.0,1.0,1.0
48.0,106.0,9.0,1.0,52.0,0.0,2.0,1.0,10.0,3.0,2.0,2.0,1.0,1.0,1.0
39.0,8.0,7.0,11.0,23.0,48.0,1.0,1.0,10.0,6.0,2.0,2.0,1.0,1.0,2.0
61.0,9.0,17.0,0.0,0.0,0.0,2.0,1.0,1.0,6.0,2.0,1.0,2.0,1.0,2.0
115.0,17.0,0.0,0.0,31.0,0.0,2.0,1.0,3.0,0.0,1.0,1.0,1.0,1.0,1.0
224.0,101.0,121.0,0.0,168.0,0.0,1.0,1.0,12.0,3.0,2.0,1.0,2.0,1.0,1.0
295.0,180.0,52.0,3.0,51.0,0.0,1.0,1.0,5.0,3.0,2.0,2.0,2.0,1.0,2.0
2.0,12.0,25.0,0.0,37.0,18.0,1.0,1.0,7.0,3.0,1.0,1.0,1.0,1.0,1.0
89.0,182.0,83.0,2.0,20.0,109.0,1.0,1.0,7.0,4.0,2.0,2.0,1.0,1.0,2.0
51.0,99.0,51.0,1.0,23.0,93.0,2.0,0.0,8.0,3.0,2.0,2.0,2.0,1.0,2.0
64.0,163.0,17.0,0.0,31.0,0.0,2.0,1.0,12.0,3.0,2.0,1.0,1.0,1.0,2.0
312.0,142.0,124.0,11.0,8.0,93.0,2.0,1.0,0.0,0.0,2.0,2.0,2.0,1.0,2.0
22.0,108.0,13.0,0.0,23.0,0.0,2.0,1.0,3.0,3.0,2.0,1.0,1.0,1.0,2.0
212.0,92.0,6.0,10.0,106.0,0.0,2.0,0.0,3.0,3.0,2.0,2.0,2.0,1.0,2.0
220.0,153.0,57.0,6.0,155.0,75.0,2.0,1.0,13.0,3.0,2.0,2.0,1.0,1.0,2.0
61.0,46.0,2.0,0.0,115.0,0.0,2.0,1.0,3.0,3.0,1.0,1.0,2.0,1.0,1.0
302.0,118.0,66.0,0.0,20.0,0.0,1.0,1.0,2.0,4.0,1.0,1.0,2.0,1.0,1.0
65.0,60.0,3.0,0.0,52.0,10.0,2.0,1.0,2.0,3.0,1.0,1.0,1.0,1.0,1.0
305.0,45.0,73.0,0.0,0.0,100.0,2.0,1.0,1.0,3.0,1.0,1.0,2.0,1.0,1.0
334.0,101.0,75.0,4.0,0.0,48.0,1.0,1.0,5.0,3.0,2.0,2.0,1.0,1.0,2.0
43.0,109.0,41.0,0.0,37.0,0.0,2.0,1.0,8.0,3.0,2.0,1.0,1.0,0.0,2.0
78.0,86.0,6.0,0.0,52.0,0.0,2.0,1.0,7.0,4.0,2.0,1.0,2.0,1.0,2.0
206.0,14.0,7.0,0.0,103.0,2.0,2.0,0.0,8.0,3.0,1.0,1.0,2.0,1.0,1.0
255.0,51.0,0.0,0.0,48.0,1.0,1.0,0.0,7.0,3.0,1.0,1.0,2.0,1.0,1.0
82.0,28.0,2.0,0.0,76.0,5.0,2.0,1.0,2.0,6.0,1.0,1.0,2.0,1.0,1.0
204.0,32.0,46.0,11.0,0.0,110.0,1.0,1.0,7.0,3.0,2.0,2.0,1.0,1.0,2.0
235.0,101.0,0.0,2.0,1.0,1.0,2.0,1.0,0.0,0.0,1.0,2.0,1.0,1.0,1.0
31.0,92.0,64.0,0.0,85.0,0.0,1.0,0.0,7.0,6.0,2.0,1.0,1.0,1.0,2.0
119.0,20.0,11.0,0.0,68.0,0.0,2.0,1.0,5.0,3.0,2.0,1.0,2.0,1.0,1.0
173.0,72.0,4.0,0.0,37.0,0.0,2.0,1.0,1.0,3.0,1.0,1.0,2.0,1.0,1.0
36.0,45.0,46.0,0.0,31.0,20.0,2.0,0.0,12.0,3.0,2.0,1.0,2.0,1.0,1.0
70.0,161.0,10.0,5.0,0.0,119.0,1.0,1.0,10.0,3.0,2.0,2.0,2.0,1.0,2.0
237.0,117.0,1.0,1.0,68.0,93.0,2.0,1.0,10.0,3.0,2.0,2.0,1.0,1.0,2.0
71.0,5.0,51.0,0.0,0.0,0.0,2.0,1.0,7.0,2.0,1.0,1.0,2.0,0.0,2.0
80.0,26.0,36.0,2.0,23.0,108.0,1.0,0.0,10.0,3.0,2.0,2.0,2.0,1.0,2.0
146.0,106.0,51.0,5.0,30.0,114.0,1.0,1.0,9.0,1.0,2.0,2.0,2.0,1.0,2.0
240.0,127.0,107.0,14.0,0.0,191.0,1.0,0.0,10.0,6.0,2.0,2.0,1.0,1.0,2.0
213.0,104.0,84.0,0.0,0.0,205.0,1.0,1.0,9.0,3.0,2.0,1.0,2.0,1.0,2.0
157.0,56.0,2.0,0.0,101.0,0.0,2.0,1.0,7.0,3.0,1.0,1.0,1.0,1.0,1.0
96.0,71.0,23.0,0.0,116.0,0.0,1.0,1.0,13.0,6.0,2.0,1.0,1.0,1.0,2.0
121.0,179.0,6.0,0.0,164.0,0.0,2.0,1.0,5.0,4.0,1.0,1.0,2.0,1.0,1.0
162.0,86.0,84.0,3.0,99.0,189.0,2.0,1.0,13.0,3.0,2.0,2.0,2.0,1.0,2.0
188.0,118.0,3.0,0.0,141.0,0.0,2.0,1.0,5.0,3.0,2.0,1.0,2.0,1.0,1.0
64.0,62.0,19.0,0.0,62.0,0.0,2.0,1.0,3.0,3.0,1.0,1.0,1.0,1.0,1.0
158.0,74.0,57.0,2.0,52.0,32.0,2.0,1.0,7.0,3.0,1.0,2.0,2.0,1.0,1.0
162.0,16.0,22.0,0.0,106.0,0.0,2.0,1.0,7.0,4.0,2.0,1.0,2.0,0.0,1.0
5.0,75.0,2.0,1.0,0.0,6.0,2.0,1.0,8.0,3.0,1.0,2.0,1.0,1.0,1.0
119.0,49.0,86.0,9.0,129.0,141.0,2.0,1.0,12.0,6.0,2.0,2.0,1.0,1.0,2.0
96.0,72.0,30.0,1.0,0.0,22.0,2.0,1.0,7.0,3.0,1.0,2.0,1.0,1.0,1.0
341.0,108.0,120.0,1.0,0.0,0.0,2.0,1.0,9.0,7.0,2.0,2.0,2.0,1.0,2.0
31.0,143.0,39.0,6.0,10.0,124.0,1.0,1.0,8.0,3.0,2.0,2.0,2.0,1.0,2.0
119.0,10.0,3.0,1.0,94.0,51.0,1.0,1.0,6.0,6.0,1.0,2.0,2.0,1.0,1.0
38.0,21.0,25.0,1.0,170.0,2.0,1.0,0.0,7.0,3.0,1.0,2.0,1.0,1.0,1.0
155.0,47.0,15.0,0.0,0.0,0.0,2.0,1.0,1.0,3.0,1.0,1.0,2.0,0.0,1.0
296.0,28.0,13.0,0.0,85.0,55.0,1.0,1.0,5.0,3.0,1.0,1.0,2.0,1.0,1.0
158.0,45.0,1.0,0.0,52.0,0.0,2.0,0.0,8.0,3.0,1.0,1.0,1.0,0.0,1.0
300.0,195.0,109.0,9.0,0.0,0.0,2.0,1.0,7.0,3.0,2.0,2.0,1.0,1.0,2.0
211.0,10.0,0.0,10.0,68.0,18.0,1.0,1.0,0.0,0.0,1.0,2.0,1.0,1.0,1.0
183.0,69.0,77.0,6.0,70.0,0.0,2.0,1.0,6.0,3.0,2.0,2.0,1.0,1.0,2.0
50.0,72.0,1.0,0.0,31.0,0.0,1.0,1.0,5.0,3.0,2.0,1.0,1.0,1.0,2.0
206.0,201.0,2.0,0.0,106.0,204.0,2.0,1.0,8.0,3.0,1.0,1.0,1.0,1.0,1.0
297.0,19.0,0.0,0.0,47.0,0.0,2.0,1.0,0.0,0.0,1.0,1.0,1.0,1.0,1.0
82.0,27.0,10.0,1.0,68.0,11.0,1.0,1.0,10.0,3.0,1.0,2.0,2.0,1.0,1.0
199.0,94.0,94.0,0.0,163.0,0.0,2.0,1.0,13.0,6.0,1.0,1.0,2.0,0.0,2.0
327.0,206.0,114.0,13.0,0.0,221.0,1.0,1.0,2.0,4.0,2.0,2.0,1.0,1.0,2.0
129.0,29.0,24.0,3.0,128.0,0.0,2.0,1.0,6.0,3.0,2.0,2.0,2.0,1.0,2.0
162.0,20.0,6.0,0.0,123.0,180.0,2.0,1.0,3.0,3.0,1.0,1.0,1.0,1.0,1.0
165.0,72.0,0.0,0.0,52.0,20.0,1.0,0.0,4.0,2.0,1.0,1.0,1.0,1.0,1.0
36.0,118.0,35.0,7.0,23.0,198.0,2.0,1.0,8.0,6.0,2.0,2.0,1.0,1.0,2.0
229.0,114.0,31.0,5.0,33.0,154.0,2.0,1.0,6.0,3.0,2.0,2.0,2.0,1.0,2.0
12.0,78.0,8.0,0.0,44.0,2.0,2.0,1.0,2.0,3.0,1.0,1.0,2.0,1.0,1.0
267.0,122.0,39.0,0.0,52.0,2.0,2.0,0.0,7.0,3.0,1.0,1.0,1.0,1.0,1.0
8.0,0.0,6.0,0.0,17.0,0.0,2.0,0.0,5.0,3.0,1.0,1.0,1.0,1.0,1.0
245.0,118.0,13.0,3.0,47.0,0.0,1.0,1.0,10.0,3.0,2.0,2.0,2.0,1.0,2.0
136.0,195.0,90.0,11.0,0.0,190.0,2.0,1.0,7.0,6.0,2.0,2.0,1.0,1.0,2.0
108.0,54.0,0.0,0.0,96.0,1.0,1.0,1.0,4.0,2.0,1.0,1.0,2.0,1.0,1.0
224.0,79.0,75.0,14.0,125.0,167.0,2.0,1.0,8.0,3.0,2.0,2.0,1.0,1.0,2.0
96.0,114.0,25.0,3.0,0.0,0.0,2.0,1.0,7.0,3.0,2.0,2.0,1.0,1.0,2.0
128.0,12.0,15.0,4.0,23.0,0.0,1.0,1.0,10.0,3.0,2.0,2.0,1.0,1.0,2.0
346.0,200.0,0.0,0.0,0.0,0.0,2.0,1.0,0.0,0.0,2.0,1.0,2.0,1.0,2.0
69.0,168.0,36.0,0.0,0.0,205.0,2.0,0.0,6.0,3.0,1.0,1.0,2.0,1.0,1.0
118.0,39.0,0.0,1.0,26.0,93.0,1.0,1.0,0.0,0.0,1.0,2.0,1.0,1.0,1.0
34.0,136.0,19.0,7.0,29.0,0.0,1.0,1.0,12.0,6.0,2.0,2.0,1.0,1.0,2.0
101.0,0.0,0.0,0.0,64.0,0.0,1.0,1.0,7.0,3.0,1.0,1.0,1.0,2.0,2.0
162.0,1.0,77.0,0.0,145.0,0.0,2.0,0.0,1.0,3.0,1.0,1.0,2.0,1.0,1.0
69.0,135.0,42.0,10.0,23.0,148.0,1.0,1.0,10.0,3.0,2.0,2.0,1.0,1.0,1.0
74.0,39.0,6.0,0.0,37.0,139.0,1.0,1.0,10.0,3.0,1.0,1.0,2.0,1.0,1.0
78.0,181.0,3.0,2.0,0.0,216.0,2.0,1.0,7.0,3.0,1.0,2.0,1.0,1.0,1.0
140.0,35.0,25.0,0.0,97.0,13.0,1.0,0.0,13.0,3.0,1.0,1.0,1.0,1.0,1.0
168.0,114.0,30.0,0.0,94.0,0.0,1.0,1.0,1.0,3.0,1.0,1.0,1.0,1.0,1.0
117.0,45.0,9.0,0.0,91.0,153.0,2.0,0.0,8.0,3.0,2.0,1.0,2.0,1.0,2.0
35.0,162.0,15.0,2.0,68.0,7.0,2.0,1.0,7.0,4.0,1.0,2.0,2.0,1.0,1.0
203.0,63.0,3.0,2.0,76.0,1.0,2.0,1.0,8.0,3.0,1.0,2.0,1.0,1.0,1.0
31.0,0.0,17.0,0.0,52.0,1.0,2.0,1.0,10.0,3.0,1.0,1.0,1.0,1.0,1.0
135.0,84.0,27.0,1.0,120.0,0.0,1.0,1.0,7.0,3.0,2.0,2.0,2.0,1.0,2.0
191.0,91.0,70.0,2.0,95.0,125.0,2.0,1.0,2.0,4.0,2.0,2.0,1.0,1.0,2.0
181.0,72.0,46.0,0.0,62.0,0.0,1.0,0.0,5.0,3.0,1.0,1.0,1.0,1.0,1.0
309.0,146.0,111.0,5.0,0.0,0.0,2.0,1.0,9.0,3.0,2.0,2.0,1.0,1.0,2.0
97.0,32.0,13.0,0.0,68.0,0.0,2.0,1.0,5.0,3.0,1.0,1.0,1.0,1.0,1.0
173.0,58.0,0.0,0.0,37.0,0.0,2.0,0.0,3.0,0.0,1.0,1.0,1.0,1.0,1.0
52.0,101.0,0.0,0.0,0.0,0.0,1.0,0.0,0.0,0.0,1.0,1.0,1.0,1.0,1.0
318.0,197.0,0.0,15.0,0.0,86.0,1.0,1.0,4.0,0.0,2.0,2.0,1.0,1.0,2.0
171.0,5.0,70.0,1.0,138.0,224.0,2.0,0.0,7.0,6.0,2.0,2.0,2.0,1.0,2.0
47.0,173.0,95.0,0.0,110.0,0.0,1.0,1.0,7.0,6.0,2.0,1.0,1.0,1.0,2.0
149.0,108.0,92.0,0.0,31.0,0.0,1.0,1.0,3.0,3.0,1.0,1.0,2.0,0.0,1.0
90.0,22.0,42.0,0.0,130.0,0.0,1.0,1.0,5.0,6.0,2.0,1.0,1.0,1.0,1.0
77.0,165.0,12.0,1.0,31.0,0.0,2.0,1.0,13.0,6.0,2.0,2.0,1.0,1.0,2.0
162.0,166.0,0.0,0.0,64.0,214.0,1.0,1.0,0.0,0.0,1.0,1.0,1.0,1.0,1.0
172.0,17.0,1.0,0.0,140.0,229.0,1.0,1.0,12.0,3.0,2.0,1.0,1.0,1.0,2.0
84.0,45.0,44.0,6.0,68.0,97.0,2.0,1.0,1.0,6.0,2.0,2.0,1.0,1.0,2.0
213.0,4.0,36.0,0.0,83.0,54.0,2.0,0.0,7.0,3.0,1.0,1.0,2.0,1.0,2.0
144.0,39.0,6.0,0.0,78.0,0.0,2.0,0.0,3.0,3.0,1.0,1.0,1.0,1.0,1.0
85.0,16.0,30.0,1.0,0.0,127.0,1.0,1.0,10.0,6.0,2.0,2.0,1.0,1.0,2.0
53.0,9.0,6.0,0.0,97.0,77.0,2.0,0.0,7.0,6.0,1.0,1.0,1.0,1.0,1.0
161.0,196.0,13.0,0.0,37.0,0.0,2.0,1.0,7.0,3.0,2.0,1.0,1.0,1.0,1.0
73.0,72.0,31.0,1.0,91.0,138.0,2.0,1.0,6.0,3.0,2.0,2.0,1.0,1.0,2.0
217.0,51.0,6.0,0.0,54.0,108.0,2.0,0.0,7.0,4.0,2.0,1.0,2.0,1.0,1.0
92.0,94.0,25.0,0.0,116.0,6.0,1.0,1.0,8.0,3.0,1.0,1.0,2.0,1.0,1.0
208.0,85.0,28.0,0.0,68.0,0.0,2.0,1.0,8.0,3.0,2.0,1.0,2.0,1.0,1.0
277.0,25.0,62.0,1.0,109.0,144.0,1.0,1.0,10.0,6.0,2.0,2.0,1.0,1.0,2.0
169.0,86.0,36.0,0.0,37.0,0.0,2.0,0.0,12.0,3.0,1.0,1.0,2.0,1.0,1.0
153.0,160.0,2.0,12.0,40.0,3.0,1.0,1.0,10.0,6.0,1.0,2.0,2.0,1.0,1.0
125.0,46.0,73.0,5.0,31.0,3.0,2.0,1.0,8.0,3.0,2.0,2.0,2.0,1.0,2.0
313.0,196.0,0.0,19.0,49.0,59.0,2.0,1.0,9.0,7.0,2.0,2.0,1.0,1.0,1.0
6.0,25.0,42.0,5.0,114.0,129.0,2.0,1.0,7.0,3.0,2.0,2.0,2.0,1.0,2.0
90.0,179.0,23.0,0.0,91.0,0.0,2.0,1.0,8.0,3.0,2.0,1.0,2.0,1.0,1.0
174.0,108.0,92.0,12.0,131.0,149.0,2.0,1.0,10.0,6.0,2.0,2.0,2.0,1.0,2.0
148.0,16.0,42.0,11.0,9.0,117.0,2.0,1.0,7.0,3.0,2.0,2.0,1.0,1.0,2.0
66.0,15.0,3.0,0.0,97.0,37.0,2.0,1.0,3.0,3.0,1.0,1.0,2.0,1.0,1.0
250.0,31.0,57.0,0.0,152.0,124.0,2.0,1.0,13.0,3.0,2.0,1.0,1.0,1.0,2.0
212.0,54.0,6.0,0.0,77.0,0.0,2.0,1.0,2.0,3.0,1.0,1.0,2.0,1.0,1.0
104.0,183.0,13.0,0.0,0.0,2.0,2.0,1.0,12.0,3.0,1.0,1.0,1.0,1.0,1.0
145.0,53.0,79.0,0.0,91.0,76.0,2.0,1.0,7.0,6.0,2.0,1.0,1.0,1.0,2.0
42.0,9.0,3.0,0.0,68.0,0.0,2.0,1.0,10.0,3.0,1.0,1.0,1.0,1.0,1.0
39.0,12.0,46.0,2.0,23.0,0.0,2.0,1.0,10.0,3.0,2.0,2.0,2.0,1.0,2.0
299.0,1.0,1.0,0.0,0.0,199.0,2.0,1.0,13.0,6.0,2.0,1.0,1.0,1.0,2.0
336.0,122.0,0.0,0.0,0.0,12.0,2.0,1.0,9.0,7.0,1.0,1.0,1.0,1.0,1.0
241.0,78.0,72.0,0.0,130.0,0.0,2.0,1.0,6.0,3.0,1.0,1.0,2.0,0.0,1.0
9.0,8.0,3.0,0.0,68.0,1.0,1.0,1.0,5.0,3.0,1.0,1.0,1.0,1.0,1.0
140.0,18.0,7.0,1.0,110.0,197.0,2.0,1.0,8.0,3.0,1.0,2.0,1.0,1.0,1.0
187.0,94.0,25.0,0.0,85.0,0.0,2.0,1.0,5.0,3.0,2.0,1.0,2.0,1.0,1.0
345.0,0.0,0.0,0.0,64.0,0.0,1.0,1.0,7.0,3.0,1.0,1.0,1.0,2.0,2.0
252.0,7.0,87.0,0.0,130.0,0.0,2.0,1.0,2.0,6.0,2.0,1.0,1.0,1.0,2.0
69.0,163.0,64.0,0.0,93.0,0.0,1.0,0.0,10.0,3.0,2.0,1.0,2.0,1.0,1.0
88.0,54.0,4.0,2.0,106.0,165.0,2.0,1.0,9.0,1.0,1.0,2.0,1.0,1.0,1.0
266.0,16.0,84.0,0.0,106.0,0.0,2.0,1.0,2.0,6.0,2.0,1.0,2.0,1.0,2.0
75.0,172.0,13.0,2.0,101.0,118.0,1.0,1.0,13.0,6.0,2.0,2.0,2.0,1.0,2.0
191.0,41.0,3.0,0.0,140.0,209.0,2.0,1.0,2.0,4.0,1.0,1.0,2.0,1.0,1.0
76.0,168.0,72.0,9.0,16.0,133.0,2.0,1.0,2.0,3.0,2.0,2.0,1.0,1.0,2.0
105.0,29.0,9.0,2.0,59.0,3.0,2.0,1.0,3.0,3.0,1.0,2.0,2.0,1.0,1.0
17.0,138.0,33.0,0.0,0.0,0.0,1.0,1.0,5.0,3.0,2.0,1.0,2.0,1.0,2.0
46.0,35.0,36.0,0.0,33.0,7.0,2.0,1.0,10.0,3.0,1.0,1.0,1.0,1.0,1.0
164.0,198.0,64.0,9.0,86.0,132.0,2.0,1.0,1.0,3.0,2.0,2.0,1.0,1.0,2.0
324.0,54.0,98.0,1.0,0.0,10.0,1.0,1.0,0.0,0.0,1.0,2.0,1.0,1.0,1.0
331.0,46.0,3.0,0.0,91.0,0.0,2.0,1.0,10.0,3.0,2.0,1.0,2.0,1.0,2.0
339.0,191.0,0.0,11.0,0.0,170.0,1.0,1.0,0.0,0.0,2.0,2.0,2.0,1.0,2.0
147.0,33.0,13.0,10.0,42.0,26.0,2.0,0.0,2.0,4.0,2.0,2.0,2.0,1.0,1.0
288.0,118.0,95.0,0.0,113.0,0.0,2.0,1.0,10.0,6.0,2.0,1.0,2.0,1.0,2.0
82.0,168.0,64.0,0.0,2.0,16.0,1.0,0.0,3.0,6.0,1.0,1.0,2.0,1.0,1.0
43.0,140.0,40.0,3.0,10.0,26.0,2.0,1.0,7.0,3.0,2.0,2.0,2.0,1.0,2.0
284.0,129.0,126.0,12.0,0.0,137.0,2.0,1.0,8.0,6.0,2.0,2.0,1.0,1.0,2.0
78.0,45.0,54.0,3.0,0.0,121.0,2.0,1.0,10.0,3.0,2.0,2.0,2.0,1.0,2.0
171.0,191.0,0.0,2.0,52.0,1.0,2.0,0.0,0.0,0.0,1.0,2.0,1.0,1.0,1.0
183.0,11.0,2.0,0.0,62.0,0.0,2.0,0.0,12.0,3.0,1.0,1.0,1.0,1.0,1.0
82.0,15.0,60.0,6.0,71.0,99.0,2.0,0.0,8.0,3.0,2.0,2.0,2.0,1.0,1.0
11.0,11.0,7.0,0.0,68.0,0.0,2.0,0.0,3.0,3.0,1.0,1.0,1.0,0.0,1.0
50.0,135.0,4.0,0.0,0.0,101.0,1.0,1.0,7.0,3.0,1.0,1.0,1.0,1.0,1.0
333.0,199.0,116.0,0.0,3.0,228.0,1.0,1.0,10.0,3.0,2.0,1.0,2.0,1.0,2.0
162.0,101.0,109.0,0.0,0.0,0.0,2.0,0.0,5.0,3.0,2.0,1.0,1.0,1.0,1.0
94.0,177.0,72.0,6.0,130.0,111.0,1.0,1.0,12.0,6.0,2.0,2.0,1.0,1.0,2.0
57.0,147.0,6.0,0.0,44.0,0.0,2.0,1.0,7.0,3.0,2.0,1.0,1.0,1.0,1.0
46.0,0.0,0.0,0.0,64.0,0.0,2.0,1.0,7.0,3.0,1.0,1.0,1.0,2.0,1.0
97.0,186.0,46.0,1.0,68.0,1.0,1.0,0.0,0.0,0.0,1.0,2.0,2.0,1.0,1.0
258.0,96.0,81.0,0.0,0.0,0.0,2.0,1.0,10.0,3.0,2.0,1.0,1.0,0.0,2.0
113.0,51.0,25.0,5.0,52.0,217.0,2.0,0.0,7.0,3.0,2.0,2.0,2.0,1.0,2.0
325.0,123.0,123.0,6.0,116.0,166.0,2.0,1.0,6.0,3.0,2.0,2.0,2.0,1.0,2.0
315.0,168.0,84.0,5.0,0.0,225.0,2.0,1.0,0.0,0.0,2.0,2.0,1.0,1.0,2.0
298.0,150.0,0.0,11.0,0.0,162.0,2.0,1.0,2.0,4.0,2.0,2.0,1.0,1.0,2.0
236.0,16.0,6.0,0.0,98.0,0.0,2.0,1.0,6.0,3.0,2.0,1.0,1.0,0.0,1.0
122.0,55.0,46.0,3.0,119.0,119.0,2.0,0.0,5.0,3.0,2.0,2.0,2.0,1.0,2.0
148.0,118.0,67.0,8.0,108.0,157.0,2.0,1.0,12.0,3.0,2.0,2.0,1.0,1.0,2.0
301.0,55.0,36.0,0.0,37.0,1.0,2.0,0.0,0.0,0.0,1.0,1.0,1.0,1.0,1.0
94.0,163.0,80.0,0.0,37.0,0.0,1.0,0.0,5.0,3.0,2.0,1.0,1.0,1.0,1.0
142.0,25.0,1.0,0.0,85.0,0.0,2.0,0.0,7.0,3.0,1.0,1.0,1.0,1.0,1.0
184.0,12.0,9.0,0.0,101.0,34.0,1.0,1.0,12.0,3.0,1.0,1.0,1.0,1.0,2.0
103.0,25.0,6.0,0.0,112.0,23.0,2.0,1.0,7.0,4.0,2.0,1.0,1.0,1.0,2.0
134.0,33.0,57.0,5.0,101.0,171.0,1.0,1.0,7.0,3.0,2.0,2.0,2.0,1.0,2.0
22.0,12.0,114.0,0.0,101.0,0.0,1.0,2.0,12.0,0.0,1.0,1.0,2.0,0.0,2.0
46.0,122.0,39.0,3.0,68.0,169.0,2.0,1.0,7.0,3.0,2.0,2.0,1.0,1.0,2.0
16.0,208.0,0.0,0.0,142.0,239.0,2.0,2.0,0.0,5.0,1.0,1.0,2.0,2.0,2.0
22.0,121.0,1.0,0.0,44.0,0.0,2.0,0.0,6.0,3.0,1.0,1.0,1.0,1.0,1.0
280.0,65.0,57.0,12.0,132.0,194.0,2.0,1.0,6.0,4.0,2.0,2.0,2.0,1.0,2.0
323.0,135.0,100.0,3.0,0.0,0.0,2.0,1.0,9.0,6.0,2.0,2.0,1.0,1.0,2.0
0.0,86.0,42.0,2.0,37.0,149.0,2.0,0.0,8.0,3.0,2.0,2.0,2.0,1.0,2.0
35.0,143.0,25.0,0.0,17.0,108.0,2.0,1.0,10.0,3.0,2.0,1.0,2.0,1.0,2.0
62.0,171.0,2.0,0.0,106.0,5.0,1.0,1.0,3.0,6.0,1.0,1.0,1.0,1.0,1.0
17.0,150.0,4.0,1.0,37.0,1.0,2.0,1.0,8.0,6.0,1.0,2.0,1.0,1.0,1.0
196.0,65.0,64.0,0.0,68.0,0.0,2.0,0.0,8.0,3.0,1.0,1.0,1.0,0.0,1.0
137.0,81.0,72.0,3.0,107.0,0.0,2.0,1.0,8.0,3.0,2.0,2.0,2.0,1.0,1.0
56.0,25.0,19.0,0.0,42.0,2.0,2.0,0.0,11.0,5.0,1.0,1.0,2.0,1.0,1.0
23.0,155.0,27.0,0.0,106.0,13.0,2.0,1.0,7.0,6.0,1.0,1.0,1.0,1.0,1.0
126.0,72.0,19.0,0.0,101.0,41.0,2.0,1.0,8.0,3.0,1.0,1.0,2.0,1.0,1.0
271.0,159.0,84.0,7.0,0.0,0.0,1.0,1.0,10.0,3.0,2.0,2.0,2.0,1.0,2.0
72.0,168.0,10.0,0.0,0.0,0.0,2.0,1.0,2.0,3.0,1.0,1.0,1.0,1.0,1.0
162.0,81.0,64.0,0.0,101.0,0.0,1.0,1.0,1.0,3.0,2.0,1.0,2.0,1.0,1.0
46.0,126.0,36.0,1.0,52.0,82.0,1.0,1.0,3.0,3.0,2.0,2.0,1.0,1.0,2.0
54.0,62.0,13.0,4.0,23.0,0.0,1.0,1.0,2.0,4.0,2.0,2.0,1.0,0.0,2.0
113.0,91.0,78.0,1.0,37.0,0.0,2.0,1.0,12.0,3.0,2.0,2.0,2.0,1.0,2.0
120.0,49.0,0.0,0.0,110.0,1.0,1.0,1.0,0.0,0.0,1.0,1.0,1.0,1.0,1.0
253.0,33.0,84.0,6.0,151.0,227.0,2.0,1.0,8.0,3.0,2.0,2.0,2.0,1.0,2.0
24.0,150.0,25.0,1.0,37.0,1.0,1.0,1.0,8.0,3.0,1.0,2.0,1.0,1.0,1.0
132.0,32.0,25.0,2.0,55.0,114.0,1.0,1.0,10.0,3.0,2.0,2.0,2.0,1.0,1.0
57.0,114.0,57.0,3.0,23.0,145.0,1.0,1.0,5.0,3.0,2.0,2.0,1.0,1.0,2.0
61.0,163.0,7.0,6.0,38.0,0.0,2.0,1.0,13.0,3.0,2.0,2.0,1.0,1.0,2.0
62.0,16.0,3.0,0.0,116.0,0.0,2.0,1.0,7.0,3.0,1.0,1.0,1.0,1.0,1.0
174.0,138.0,89.0,0.0,50.0,0.0,2.0,0.0,8.0,6.0,2.0,1.0,2.0,1.0,2.0
270.0,32.0,3.0,0.0,92.0,0.0,1.0,1.0,10.0,3.0,1.0,1.0,2.0,1.0,1.0
82.0,19.0,3.0,0.0,37.0,45.0,1.0,0.0,0.0,0.0,1.0,1.0,1.0,1.0,1.0
20.0,17.0,42.0,1.0,23.0,5.0,1.0,1.0,7.0,3.0,1.0,2.0,2.0,1.0,1.0
178.0,65.0,100.0,0.0,97.0,0.0,2.0,0.0,8.0,3.0,1.0,1.0,2.0,1.0,1.0
71.0,11.0,19.0,0.0,52.0,0.0,1.0,1.0,10.0,3.0,1.0,1.0,1.0,0.0,1.0
194.0,34.0,28.0,0.0,6.0,0.0,2.0,1.0,6.0,3.0,1.0,1.0,1.0,0.0,1.0
142.0,43.0,19.0,1.0,85.0,49.0,2.0,1.0,8.0,6.0,2.0,2.0,1.0,1.0,2.0
166.0,65.0,103.0,0.0,156.0,0.0,2.0,1.0,5.0,3.0,2.0,1.0,2.0,1.0,1.0
48.0,53.0,48.0,5.0,76.0,193.0,1.0,1.0,10.0,3.0,2.0,2.0,1.0,1.0,2.0
185.0,69.0,0.0,0.0,62.0,0.0,2.0,1.0,2.0,4.0,1.0,1.0,1.0,1.0,1.0
64.0,27.0,50.0,0.0,39.0,0.0,2.0,1.0,7.0,6.0,1.0,1.0,2.0,1.0,2.0
201.0,174.0,123.0,8.0,0.0,220.0,1.0,1.0,10.0,6.0,2.0,2.0,1.0,1.0,2.0
167.0,93.0,96.0,3.0,104.0,93.0,2.0,1.0,12.0,6.0,2.0,2.0,1.0,1.0,2.0
71.0,26.0,2.0,0.0,46.0,0.0,1.0,1.0,2.0,3.0,1.0,1.0,1.0,1.0,1.0
113.0,193.0,0.0,0.0,61.0,0.0,2.0,1.0,2.0,4.0,1.0,1.0,2.0,1.0,1.0
263.0,54.0,42.0,2.0,0.0,15.0,2.0,1.0,6.0,3.0,2.0,2.0,2.0,1.0,2.0
148.0,35.0,1.0,0.0,57.0,72.0,2.0,0.0,7.0,3.0,1.0,1.0,1.0,1.0,1.0
219.0,122.0,117.0,7.0,101.0,5.0,2.0,1.0,10.0,6.0,2.0,2.0,2.0,1.0,1.0
12.0,3.0,1.0,0.0,44.0,131.0,2.0,0.0,7.0,3.0,1.0,1.0,1.0,1.0,1.0
291.0,61.0,7.0,0.0,68.0,3.0,2.0,1.0,0.0,0.0,1.0,1.0,1.0,1.0,1.0
74.0,6.0,2.0,0.0,0.0,0.0,2.0,1.0,6.0,3.0,1.0,1.0,1.0,0.0,1.0
196.0,39.0,13.0,0.0,52.0,0.0,1.0,0.0,2.0,6.0,1.0,1.0,2.0,1.0,1.0
265.0,163.0,36.0,0.0,0.0,0.0,2.0,0.0,1.0,3.0,2.0,1.0,1.0,0.0,1.0
330.0,69.0,42.0,5.0,17.0,38.0,2.0,1.0,8.0,3.0,2.0,2.0,2.0,1.0,2.0
100.0,12.0,6.0,3.0,91.0,233.0,2.0,1.0,6.0,3.0,2.0,2.0,1.0,1.0,2.0
249.0,33.0,17.0,0.0,85.0,83.0,1.0,1.0,5.0,3.0,1.0,1.0,1.0,1.0,1.0
293.0,203.0,0.0,1.0,28.0,0.0,2.0,1.0,0.0,0.0,2.0,2.0,1.0,1.0,1.0
186.0,47.0,0.0,0.0,106.0,0.0,1.0,0.0,0.0,0.0,2.0,1.0,1.0,1.0,1.0
34.0,86.0,25.0,0.0,116.0,149.0,2.0,0.0,2.0,3.0,1.0,1.0,2.0,1.0,1.0
89.0,63.0,0.0,0.0,37.0,0.0,1.0,0.0,7.0,3.0,1.0,1.0,1.0,1.0,1.0
79.0,45.0,34.0,0.0,136.0,76.0,2.0,1.0,7.0,6.0,2.0,1.0,1.0,1.0,2.0
343.0,138.0,75.0,1.0,19.0,6.0,2.0,1.0,0.0,0.0,1.0,2.0,1.0,1.0,1.0
280.0,10.0,125.0,19.0,0.0,232.0,2.0,1.0,7.0,4.0,2.0,2.0,1.0,1.0,2.0
181.0,65.0,57.0,0.0,0.0,2.0,1.0,0.0,7.0,3.0,1.0,1.0,2.0,1.0,1.0
262.0,72.0,95.0,11.0,23.0,0.0,2.0,1.0,10.0,6.0,2.0,2.0,1.0,1.0,2.0
75.0,20.0,3.0,0.0,62.0,1.0,2.0,0.0,5.0,3.0,2.0,1.0,1.0,1.0,1.0
195.0,65.0,13.0,0.0,111.0,0.0,2.0,1.0,12.0,4.0,1.0,1.0,1.0,1.0,1.0
319.0,202.0,125.0,17.0,0.0,0.0,2.0,1.0,1.0,4.0,2.0,2.0,2.0,1.0,2.0
264.0,120.0,101.0,3.0,0.0,0.0,1.0,1.0,10.0,3.0,2.0,2.0,2.0,1.0,2.0
266.0,0.0,57.0,0.0,0.0,0.0,1.0,1.0,7.0,3.0,2.0,1.0,1.0,1.0,2.0
190.0,51.0,6.0,0.0,53.0,0.0,2.0,1.0,8.0,4.0,2.0,1.0,2.0,1.0,1.0
268.0,95.0,25.0,0.0,85.0,0.0,1.0,1.0,3.0,6.0,1.0,1.0,2.0,0.0,1.0
153.0,68.0,3.0,0.0,23.0,0.0,2.0,0.0,6.0,3.0,1.0,1.0,2.0,0.0,1.0
123.0,25.0,4.0,0.0,76.0,87.0,2.0,1.0,10.0,6.0,1.0,1.0,2.0,1.0,1.0
36.0,125.0,1.0,1.0,31.0,1.0,2.0,1.0,6.0,3.0,1.0,2.0,1.0,1.0,1.0
246.0,32.0,51.0,0.0,0.0,93.0,1.0,1.0,2.0,4.0,2.0,1.0,2.0,1.0,2.0
81.0,45.0,23.0,0.0,52.0,0.0,1.0,1.0,8.0,3.0,1.0,1.0,2.0,1.0,1.0
164.0,27.0,32.0,8.0,102.0,202.0,2.0,1.0,13.0,3.0,2.0,2.0,2.0,1.0,2.0
19.0,163.0,25.0,11.0,0.0,199.0,1.0,1.0,13.0,6.0,2.0,2.0,1.0,1.0,2.0
180.0,60.0,72.0,0.0,68.0,62.0,1.0,0.0,12.0,3.0,1.0,1.0,2.0,1.0,1.0
306.0,122.0,64.0,0.0,0.0,0.0,1.0,1.0,5.0,6.0,1.0,1.0,1.0,1.0,1.0
99.0,36.0,31.0,2.0,68.0,0.0,1.0,1.0,10.0,3.0,2.0,2.0,1.0,1.0,1.0
241.0,45.0,0.0,0.0,101.0,0.0,2.0,1.0,2.0,4.0,1.0,1.0,1.0,0.0,1.0
84.0,19.0,3.0,0.0,85.0,1.0,2.0,0.0,12.0,6.0,1.0,1.0,1.0,1.0,1.0
316.0,179.0,107.0,0.0,5.0,181.0,2.0,1.0,3.0,6.0,2.0,1.0,2.0,1.0,2.0
132.0,73.0,58.0,1.0,19.0,0.0,1.0,0.0,13.0,6.0,2.0,2.0,1.0,1.0,2.0
169.0,86.0,57.0,0.0,116.0,0.0,2.0,1.0,6.0,3.0,2.0,1.0,2.0,1.0,2.0
53.0,29.0,6.0,0.0,97.0,77.0,2.0,0.0,7.0,6.0,1.0,1.0,1.0,1.0,1.0
189.0,139.0,80.0,12.0,0.0,79.0,2.0,1.0,7.0,3.0,2.0,2.0,2.0,1.0,2.0
262.0,212.0,5.0,1.0,165.0,46.0,2.0,1.0,10.0,6.0,2.0,2.0,1.0,1.0,1.0
221.0,114.0,25.0,0.0,0.0,0.0,1.0,1.0,3.0,3.0,2.0,1.0,2.0,1.0,2.0
216.0,55.0,1.0,0.0,130.0,218.0,2.0,1.0,8.0,3.0,2.0,1.0,2.0,1.0,2.0
144.0,55.0,1.0,0.0,39.0,1.0,2.0,0.0,13.0,6.0,1.0,1.0,1.0,1.0,1.0
215.0,67.0,4.0,0.0,0.0,115.0,2.0,1.0,12.0,3.0,1.0,1.0,2.0,1.0,1.0
160.0,204.0,100.0,16.0,0.0,212.0,2.0,1.0,7.0,3.0,2.0,2.0,1.0,1.0,2.0
205.0,66.0,0.0,0.0,0.0,149.0,2.0,1.0,0.0,0.0,1.0,1.0,1.0,1.0,1.0
47.0,63.0,46.0,11.0,68.0,199.0,2.0,1.0,7.0,3.0,2.0,2.0,2.0,1.0,2.0
276.0,112.0,92.0,0.0,146.0,65.0,2.0,1.0,8.0,3.0,1.0,1.0,1.0,1.0,1.0
63.0,130.0,4.0,0.0,64.0,0.0,2.0,0.0,2.0,4.0,1.0,1.0,2.0,1.0,1.0
47.0,150.0,57.0,0.0,10.0,0.0,2.0,0.0,7.0,3.0,2.0,1.0,1.0,0.0,2.0
197.0,65.0,0.0,0.0,84.0,76.0,2.0,1.0,8.0,3.0,2.0,1.0,2.0,1.0,2.0
85.0,29.0,2.0,4.0,89.0,178.0,2.0,1.0,6.0,3.0,1.0,2.0,1.0,1.0,1.0
215.0,118.0,77.0,12.0,27.0,0.0,2.0,1.0,6.0,6.0,2.0,2.0,2.0,1.0,2.0
49.0,144.0,1.0,0.0,68.0,149.0,1.0,1.0,2.0,3.0,1.0,1.0,1.0,1.0,1.0
212.0,77.0,112.0,0.0,32.0,126.0,2.0,1.0,10.0,6.0,2.0,1.0,2.0,1.0,2.0
70.0,151.0,1.0,9.0,17.0,107.0,2.0,1.0,13.0,3.0,2.0,2.0,1.0,1.0,2.0
116.0,186.0,84.0,2.0,0.0,212.0,1.0,1.0,10.0,6.0,2.0,2.0,1.0,1.0,2.0
274.0,15.0,10.0,11.0,140.0,6.0,1.0,1.0,12.0,6.0,2.0,2.0,2.0,1.0,2.0
303.0,0.0,0.0,0.0,0.0,0.0,1.0,0.0,0.0,0.0,1.0,1.0,1.0,1.0,1.0
230.0,65.0,114.0,0.0,68.0,0.0,2.0,0.0,2.0,6.0,1.0,1.0,2.0,0.0,1.0
230.0,48.0,36.0,10.0,65.0,211.0,2.0,1.0,7.0,3.0,2.0,2.0,1.0,1.0,2.0
123.0,55.0,6.0,0.0,62.0,35.0,1.0,1.0,8.0,3.0,1.0,1.0,2.0,1.0,1.0
34.0,143.0,36.0,0.0,37.0,188.0,2.0,1.0,8.0,3.0,2.0,1.0,1.0,1.0,2.0
234.0,91.0,98.0,16.0,36.0,159.0,2.0,1.0,7.0,4.0,2.0,2.0,1.0,1.0,2.0
209.0,25.0,15.0,0.0,85.0,3.0,2.0,0.0,1.0,3.0,1.0,1.0,1.0,1.0,1.0
108.0,9.0,0.0,0.0,0.0,0.0,2.0,1.0,2.0,4.0,2.0,1.0,2.0,1.0,2.0
233.0,50.0,4.0,0.0,130.0,0.0,2.0,0.0,6.0,3.0,1.0,1.0,1.0,0.0,1.0
251.0,14.0,5.0,6.0,76.0,146.0,2.0,1.0,7.0,6.0,2.0,2.0,1.0,1.0,2.0
55.0,126.0,34.0,1.0,23.0,226.0,2.0,1.0,5.0,3.0,2.0,2.0,1.0,1.0,2.0
42.0,39.0,0.0,0.0,0.0,0.0,1.0,1.0,7.0,3.0,1.0,1.0,1.0,1.0,1.0
122.0,72.0,63.0,1.0,97.0,10.0,1.0,1.0,6.0,3.0,1.0,2.0,2.0,1.0,1.0
58.0,26.0,17.0,0.0,52.0,0.0,2.0,0.0,12.0,3.0,1.0,1.0,1.0,1.0,1.0
129.0,104.0,83.0,2.0,135.0,7.0,2.0,1.0,13.0,3.0,2.0,2.0,1.0,1.0,2.0
116.0,60.0,13.0,0.0,161.0,205.0,2.0,1.0,2.0,4.0,1.0,1.0,2.0,1.0,1.0
26.0,140.0,29.0,4.0,17.0,117.0,1.0,1.0,10.0,3.0,2.0,2.0,1.0,1.0,2.0
78.0,113.0,69.0,10.0,37.0,84.0,1.0,1.0,10.0,3.0,2.0,2.0,1.0,1.0,2.0
82.0,52.0,14.0,0.0,43.0,1.0,2.0,1.0,7.0,3.0,1.0,1.0,2.0,1.0,1.0
130.0,101.0,116.0,0.0,19.0,0.0,2.0,1.0,8.0,3.0,2.0,1.0,2.0,1.0,2.0
102.0,59.0,75.0,0.0,66.0,0.0,2.0,0.0,5.0,3.0,2.0,1.0,1.0,1.0,1.0
133.0,49.0,55.0,0.0,140.0,0.0,1.0,1.0,10.0,3.0,2.0,1.0,2.0,1.0,1.0
74.0,76.0,4.0,0.0,52.0,151.0,2.0,0.0,7.0,3.0,1.0,1.0,1.0,1.0,1.0
89.0,33.0,13.0,3.0,62.0,64.0,1.0,0.0,0.0,0.0,2.0,2.0,1.0,1.0,1.0
91.0,17.0,25.0,0.0,37.0,1.0,2.0,1.0,6.0,3.0,1.0,1.0,2.0,1.0,1.0
168.0,51.0,1.0,0.0,126.0,0.0,2.0,0.0,9.0,6.0,2.0,1.0,2.0,1.0,2.0
283.0,84.0,25.0,0.0,31.0,2.0,2.0,1.0,2.0,4.0,1.0,1.0,1.0,1.0,1.0
131.0,81.0,22.0,0.0,97.0,0.0,1.0,1.0,8.0,3.0,2.0,1.0,1.0,0.0,2.0
99.0,17.0,4.0,1.0,94.0,109.0,2.0,1.0,8.0,3.0,1.0,2.0,1.0,1.0,1.0
28.0,156.0,10.0,0.0,23.0,0.0,2.0,1.0,0.0,0.0,1.0,1.0,1.0,1.0,1.0
59.0,37.0,57.0,1.0,62.0,20.0,2.0,0.0,3.0,3.0,2.0,2.0,1.0,1.0,1.0
90.0,39.0,6.0,0.0,34.0,0.0,2.0,1.0,7.0,3.0,1.0,1.0,1.0,1.0,1.0
9.0,88.0,10.0,0.0,37.0,0.0,2.0,1.0,2.0,6.0,1.0,1.0,2.0,1.0,1.0
114.0,54.0,19.0,0.0,23.0,0.0,2.0,1.0,1.0,3.0,1.0,1.0,2.0,1.0,1.0
284.0,81.0,72.0,0.0,81.0,0.0,2.0,1.0,5.0,3.0,2.0,1.0,1.0,0.0,2.0
81.0,69.0,80.0,0.0,52.0,24.0,2.0,1.0,0.0,0.0,1.0,1.0,1.0,1.0,1.0
244.0,55.0,3.0,20.0,144.0,161.0,1.0,0.0,10.0,6.0,2.0,2.0,2.0,1.0,2.0
199.0,211.0,39.0,1.0,153.0,114.0,2.0,1.0,13.0,6.0,2.0,2.0,2.0,1.0,2.0
83.0,174.0,48.0,0.0,23.0,0.0,2.0,1.0,7.0,3.0,1.0,1.0,1.0,0.0,1.0
29.0,101.0,9.0,2.0,0.0,30.0,2.0,1.0,10.0,3.0,2.0,2.0,1.0,1.0,1.0
150.0,16.0,2.0,0.0,87.0,0.0,2.0,1.0,1.0,6.0,1.0,1.0,2.0,0.0,1.0
40.0,25.0,21.0,5.0,44.0,5.0,1.0,1.0,7.0,3.0,2.0,2.0,2.0,1.0,1.0
108.0,28.0,28.0,0.0,31.0,0.0,2.0,1.0,12.0,3.0,1.0,1.0,1.0,1.0,1.0
135.0,45.0,36.0,0.0,0.0,80.0,2.0,0.0,7.0,3.0,2.0,1.0,2.0,1.0,1.0
134.0,141.0,93.0,6.0,124.0,70.0,2.0,1.0,10.0,6.0,2.0,2.0,1.0,1.0,2.0
106.0,32.0,42.0,0.0,97.0,0.0,2.0,1.0,10.0,3.0,2.0,1.0,2.0,1.0,2.0
81.0,76.0,10.0,1.0,97.0,44.0,2.0,0.0,3.0,3.0,1.0,2.0,2.0,1.0,1.0
110.0,184.0,0.0,0.0,44.0,155.0,2.0,1.0,9.0,1.0,1.0,1.0,2.0,1.0,1.0
310.0,121.0,60.0,11.0,0.0,91.0,2.0,1.0,7.0,6.0,2.0,2.0,2.0,1.0,2.0
162.0,12.0,23.0,0.0,167.0,0.0,2.0,1.0,1.0,3.0,2.0,1.0,2.0,0.0,1.0
97.0,179.0,25.0,0.0,62.0,152.0,1.0,1.0,1.0,3.0,1.0,1.0,2.0,1.0,1.0
180.0,76.0,68.0,3.0,123.0,0.0,2.0,0.0,13.0,3.0,2.0,2.0,2.0,1.0,2.0
234.0,48.0,36.0,0.0,0.0,95.0,2.0,1.0,7.0,3.0,1.0,1.0,1.0,1.0,1.0
18.0,0.0,0.0,0.0,24.0,0.0,1.0,0.0,4.0,0.0,1.0,1.0,1.0,1.0,1.0
84.0,21.0,4.0,0.0,31.0,0.0,2.0,1.0,7.0,3.0,1.0,1.0,1.0,1.0,2.0
113.0,68.0,89.0,1.0,73.0,0.0,2.0,0.0,12.0,3.0,2.0,2.0,1.0,1.0,2.0
69.0,13.0,8.0,0.0,46.0,0.0,1.0,1.0,2.0,3.0,1.0,1.0,2.0,0.0,1.0
237.0,17.0,13.0,3.0,68.0,149.0,2.0,0.0,5.0,3.0,2.0,2.0,1.0,1.0,2.0
107.0,137.0,34.0,0.0,52.0,65.0,1.0,1.0,5.0,3.0,2.0,1.0,1.0,1.0,2.0
41.0,0.0,13.0,0.0,46.0,0.0,2.0,1.0,1.0,3.0,1.0,1.0,1.0,1.0,1.0
162.0,86.0,2.0,0.0,133.0,0.0,2.0,0.0,2.0,3.0,1.0,1.0,2.0,1.0,1.0
114.0,94.0,57.0,0.0,68.0,159.0,2.0,0.0,7.0,4.0,1.0,1.0,1.0,1.0,1.0
93.0,39.0,0.0,0.0,23.0,0.0,1.0,1.0,0.0,0.0,2.0,1.0,1.0,1.0,1.0
171.0,45.0,6.0,0.0,121.0,57.0,1.0,1.0,7.0,3.0,1.0,1.0,2.0,1.0,1.0
18.0,93.0,6.0,0.0,23.0,0.0,2.0,1.0,7.0,3.0,1.0,1.0,1.0,0.0,1.0
219.0,108.0,3.0,0.0,80.0,0.0,1.0,1.0,10.0,3.0,2.0,1.0,2.0,1.0,2.0
71.0,66.0,59.0,0.0,0.0,0.0,2.0,0.0,7.0,6.0,2.0,1.0,1.0,1.0,2.0
20.0,154.0,0.0,0.0,0.0,35.0,1.0,1.0,0.0,0.0,1.0,1.0,1.0,1.0,1.0
88.0,178.0,38.0,0.0,37.0,0.0,2.0,1.0,10.0,6.0,2.0,1.0,2.0,1.0,2.0
103.0,16.0,23.0,0.0,150.0,0.0,1.0,1.0,7.0,6.0,2.0,1.0,2.0,1.0,2.0
108.0,179.0,30.0,0.0,0.0,17.0,2.0,0.0,3.0,6.0,1.0,1.0,2.0,1.0,1.0
72.0,116.0,4.0,0.0,76.0,149.0,1.0,1.0,5.0,3.0,1.0,1.0,1.0,1.0,1.0
75.0,25.0,13.0,0.0,106.0,0.0,2.0,1.0,6.0,3.0,2.0,1.0,2.0,0.0,1.0
102.0,10.0,36.0,0.0,52.0,0.0,2.0,0.0,7.0,3.0,1.0,1.0,2.0,1.0,1.0
288.0,7.0,6.0,11.0,123.0,196.0,2.0,0.0,3.0,3.0,2.0,2.0,1.0,1.0,2.0
53.0,0.0,13.0,0.0,0.0,0.0,2.0,1.0,7.0,3.0,1.0,1.0,2.0,0.0,1.0
200.0,199.0,75.0,0.0,23.0,0.0,2.0,0.0,7.0,3.0,2.0,1.0,1.0,1.0,1.0
74.0,169.0,1.0,0.0,23.0,168.0,1.0,1.0,12.0,3.0,2.0,1.0,1.0,1.0,2.0
284.0,41.0,8.0,0.0,0.0,56.0,1.0,1.0,2.0,5.0,1.0,1.0,1.0,1.0,1.0
259.0,10.0,42.0,8.0,31.0,104.0,2.0,0.0,12.0,6.0,2.0,2.0,1.0,1.0,2.0
162.0,159.0,98.0,0.0,0.0,0.0,2.0,1.0,13.0,3.0,2.0,1.0,1.0,1.0,2.0
48.0,13.0,3.0,0.0,0.0,34.0,2.0,1.0,7.0,3.0,1.0,1.0,1.0,1.0,1.0
31.0,144.0,2.0,0.0,31.0,0.0,1.0,1.0,5.0,3.0,2.0,1.0,1.0,1.0,2.0
121.0,192.0,66.0,1.0,37.0,11.0,1.0,1.0,13.0,6.0,2.0,2.0,1.0,1.0,2.0
244.0,1.0,1.0,1.0,158.0,0.0,2.0,1.0,9.0,3.0,1.0,2.0,1.0,0.0,2.0
