Age,Debt,YearsEmployed,CreditScore,ZipCode,Income,EducationLevel,Gender,Married,BankCustomer,Ethnicity,PriorDefault,Employed,DriversLicense,Citizen,ApprovalStatus
154.0,1.0,31.0,2.0,69,1.0,13.0,2,2,1,8,2,2,1,1,1
322.0,94.0,65.0,7.0,12,115.0,11.0,1,2,1,4,2,2,1,1,1
89.0,17.0,37.0,1.0,95,135.0,11.0,1,2,1,4,2,1,1,1,1
124.0,47.0,73.0,6.0,32,4.0,13.0,2,2,1,8,2,2,2,1,1
43.0,110.0,42.0,1.0,38,1.0,13.0,2,2,1,8,2,1,1,3,1
166.0,87.0,58.0,1.0,114,1.0,10.0,2,2,1,8,2,1,2,1,1
177.0,34.0,98.0,1.0,55,226.0,12.0,2,2,1,4,2,1,2,1,1
74.0,168.0,2.0,1.0,24,162.0,3.0,1,2,1,8,2,1,1,1,1
304.0,17.0,74.0,1.0,63,91.0,9.0,2,3,3,4,2,1,1,1,1
250.0,101.0,68.0,1.0,16,166.0,13.0,2,3,3,8,2,1,2,1,1
64.0,28.0,51.0,1.0,40,1.0,2.0,2,2,1,4,1,1,2,1,1
143.0,54.0,79.0,1.0,90,74.0,2.0,2,2,1,4,2,1,1,1,1
216.0,115.0,26.0,1.0,1,1.0,9.0,1,2,1,8,2,1,2,1,1
276.0,116.0,2.0,1.0,1,187.0,9.0,2,2,1,8,1,1,1,1,1
264.0,158.0,84.0,8.0,1,1.0,11.0,1,2,1,8,2,2,2,1,1
208.0,93.0,7.0,11.0,104,1.0,9.0,2,3,3,8,2,2,2,1,1
128.0,30.0,25.0,4.0,125,1.0,10.0,2,2,1,8,2,2,2,1,1
78.0,114.0,69.0,11.0,38,81.0,11.0,1,2,1,8,2,2,1,1,1
61.0,10.0,18.0,1.0,1,1.0,4.0,2,2,1,4,2,1,2,1,1
34.0,135.0,20.0,8.0,30,1.0,3.0,1,2,1,4,2,2,1,1,1
94.0,165.0,58.0,18.0,68,152.0,2.0,2,2,1,8,2,2,1,1,1
78.0,33.0,23.0,1.0,99,1.0,2.0,2,2,1,8,2,1,1,3,1
274.0,131.0,105.0,7.0,1,157.0,2.0,1,2,1,8,2,2,2,1,1
120.0,191.0,66.0,2.0,38,12.0,14.0,1,2,1,4,2,2,1,1,1
240.0,119.0,14.0,4.0,48,1.0,11.0,1,2,1,8,2,2,2,1,1
4.0,20.0,37.0,3.0,32,1.0,2.0,1,2,1,4,2,2,1,1,1
268.0,183.0,88.0,10.0,1,1.0,7.0,1,2,1,1,2,2,2,1,1
312.0,201.0,125.0,18.0,1,1.0,4.0,2,2,1,1,2,2,2,1,1
316.0,134.0,100.0,4.0,1,1.0,5.0,2,2,1,4,2,2,1,1,1
248.0,34.0,84.0,7.0,147,218.0,13.0,2,2,1,8,2,2,2,1,1
137.0,193.0,85.0,6.0,57,1.0,1.0,2,2,1,8,2,2,2,1,1
247.0,147.0,106.0,9.0,1,1.0,14.0,2,2,1,4,2,2,1,1,1
285.0,129.0,104.0,16.0,1,204.0,7.0,2,2,1,1,2,2,2,1,1
209.0,105.0,84.0,1.0,1,197.0,5.0,1,2,1,8,2,1,2,1,1
70.0,160.0,11.0,6.0,1,115.0,11.0,1,2,1,8,2,2,2,1,1
124.0,46.0,47.0,12.0,135,30.0,13.0,2,2,1,8,2,2,2,1,1
118.0,48.0,44.0,13.0,155,126.0,3.0,2,2,1,4,2,2,2,1,1
75.0,171.0,14.0,3.0,99,114.0,14.0,1,2,1,4,2,2,2,1,1
123.0,20.0,7.0,3.0,90,110.0,3.0,2,3,3,8,2,2,1,1,1
305.0,141.0,124.0,12.0,9,90.0,6.0,2,2,1,3,2,2,2,1,1
186.0,138.0,80.0,13.0,1,77.0,2.0,2,2,1,8,2,2,2,1,1
135.0,194.0,90.0,12.0,1,182.0,2.0,2,2,1,4,2,2,1,1,1
141.0,44.0,20.0,2.0,85,50.0,13.0,2,2,1,4,2,2,1,1,1
230.0,189.0,110.0,7.0,20,1.0,13.0,2,2,1,8,2,2,2,1,1
310.0,213.0,131.0,22.0,1,16.0,2.0,2,3,3,8,2,2,1,1,1
303.0,122.0,61.0,12.0,1,88.0,2.0,2,2,1,4,2,2,2,1,1
239.0,56.0,4.0,21.0,140,155.0,11.0,1,3,3,4,2,2,2,1,1
164.0,94.0,96.0,4.0,102,90.0,3.0,2,2,1,4,2,2,1,1,1
243.0,47.0,72.0,1.0,75,1.0,7.0,2,2,1,1,1,1,1,1,1
84.0,22.0,5.0,1.0,32,1.0,2.0,2,2,1,8,1,1,1,1,1
103.0,17.0,24.0,1.0,146,1.0,2.0,1,2,1,4,2,1,2,1,1
106.0,33.0,43.0,1.0,95,1.0,11.0,2,2,1,8,2,1,2,1,1
212.0,56.0,2.0,1.0,127,209.0,13.0,2,2,1,8,2,1,2,1,1
193.0,66.0,1.0,1.0,84,74.0,13.0,2,2,1,8,2,1,2,1,1
187.0,73.0,102.0,1.0,1,1.0,3.0,2,2,1,4,2,1,2,1,1
79.0,169.0,23.0,1.0,53,90.0,13.0,2,3,3,8,2,1,2,1,1
77.0,1.0,3.0,1.0,1,1.0,3.0,2,2,1,8,2,1,1,1,1
260.0,17.0,84.0,1.0,104,1.0,7.0,2,2,1,4,2,1,2,1,1
195.0,95.0,94.0,1.0,159,1.0,14.0,2,2,1,4,1,1,2,3,1
256.0,73.0,95.0,12.0,24,1.0,11.0,2,2,1,4,2,2,1,1,1
313.0,175.0,31.0,5.0,68,1.0,10.0,2,2,1,8,2,2,2,1,1
161.0,197.0,64.0,10.0,86,128.0,4.0,2,2,1,8,2,2,1,1,1
80.0,27.0,37.0,3.0,24,104.0,11.0,1,3,3,8,2,2,2,1,1
46.0,29.0,39.0,2.0,1,1.0,11.0,1,2,1,8,2,2,1,1,1
112.0,92.0,78.0,2.0,38,1.0,3.0,2,2,1,8,2,2,2,1,1
186.0,47.0,38.0,2.0,151,227.0,3.0,2,2,1,8,2,2,2,1,1
200.0,33.0,47.0,12.0,1,106.0,2.0,1,2,1,8,2,2,1,1,1
100.0,13.0,7.0,4.0,90,224.0,10.0,2,2,1,8,2,2,1,1,1
36.0,119.0,36.0,8.0,24,190.0,13.0,2,2,1,4,2,2,1,1,1
195.0,210.0,40.0,2.0,149,110.0,14.0,2,2,1,4,2,2,2,1,1
169.0,127.0,39.0,1.0,131,1.0,5.0,2,2,1,1,2,1,2,3,2
219.0,102.0,121.0,1.0,163,1.0,3.0,1,2,1,8,2,1,2,1,2
259.0,17.0,115.0,1.0,127,1.0,10.0,2,2,1,8,2,1,1,3,2
261.0,123.0,40.0,1.0,53,3.0,2.0,2,3,3,8,1,1,1,1,2
48.0,107.0,10.0,2.0,53,1.0,11.0,2,2,1,8,2,2,1,1,2
185.0,119.0,4.0,1.0,137,1.0,1.0,2,2,1,8,2,1,2,1,2
34.0,20.0,16.0,1.0,53,1.0,1.0,1,3,3,8,2,1,2,1,2
59.0,38.0,58.0,2.0,63,21.0,9.0,2,3,3,8,2,2,1,1,2
57.0,146.0,7.0,1.0,45,1.0,2.0,2,2,1,8,2,1,1,1,2
286.0,202.0,1.0,2.0,29,1.0,6.0,2,2,1,3,2,2,1,1,2
122.0,46.0,47.0,1.0,115,1.0,10.0,1,2,1,8,2,1,1,3,2
231.0,17.0,7.0,1.0,96,1.0,10.0,2,2,1,8,2,1,1,3,2
118.0,21.0,12.0,1.0,68,1.0,1.0,2,2,1,8,2,1,2,1,2
210.0,87.0,84.0,1.0,95,1.0,2.0,2,2,1,1,2,1,2,3,2
102.0,60.0,75.0,1.0,66,1.0,1.0,2,3,3,8,2,1,1,1,2
184.0,95.0,26.0,1.0,85,1.0,1.0,2,2,1,8,2,1,2,1,2
283.0,46.0,1.0,1.0,32,26.0,8.0,1,2,1,5,2,1,2,1,2
328.0,181.0,84.0,1.0,36,1.0,2.0,2,3,3,4,2,1,1,1,2
159.0,195.0,14.0,1.0,38,1.0,2.0,2,2,1,8,2,1,1,1,2
297.0,43.0,113.0,1.0,68,50.0,2.0,2,3,3,4,2,1,2,1,2
134.0,46.0,37.0,1.0,1,78.0,2.0,2,3,3,8,2,1,2,1,2
132.0,83.0,14.0,1.0,59,1.0,7.0,1,2,1,1,2,1,2,1,2
75.0,21.0,4.0,1.0,63,2.0,1.0,2,3,3,8,2,1,1,1,2
69.0,162.0,64.0,1.0,91,1.0,11.0,1,3,3,8,2,1,2,1,2
131.0,33.0,26.0,3.0,56,110.0,11.0,1,2,1,8,2,2,2,1,2
213.0,52.0,7.0,1.0,55,104.0,2.0,2,3,3,1,2,1,2,1,2
196.0,198.0,75.0,1.0,24,1.0,2.0,2,3,3,8,2,1,1,1,2
30.0,102.0,10.0,3.0,1,31.0,11.0,2,2,1,8,2,2,1,1,2
94.0,173.0,52.0,3.0,38,6.0,9.0,2,2,1,8,2,2,2,1,2
124.0,87.0,94.0,3.0,22,1.0,7.0,2,3,3,4,2,2,2,1,2
306.0,195.0,1.0,20.0,50,58.0,5.0,2,2,1,9,2,2,1,1,2
134.0,38.0,14.0,1.0,95,1.0,9.0,2,2,1,8,2,1,1,3,2
94.0,162.0,80.0,1.0,38,1.0,1.0,1,3,3,8,2,1,1,1,2
238.0,61.0,114.0,1.0,61,1.0,14.0,2,3,3,4,2,1,2,1,2
40.0,26.0,22.0,6.0,45,6.0,2.0,1,2,1,8,2,2,2,1,2
136.0,82.0,72.0,4.0,105,1.0,13.0,2,2,1,8,2,2,2,1,2
89.0,34.0,14.0,4.0,63,62.0,6.0,1,3,3,3,2,2,1,1,2
90.0,178.0,24.0,1.0,90,1.0,13.0,2,2,1,8,2,1,2,1,2
182.0,26.0,26.0,4.0,74,1.0,9.0,1,2,1,1,2,2,2,1,2
48.0,40.0,34.0,4.0,45,76.0,2.0,2,3,3,4,2,2,2,1,2
99.0,37.0,32.0,3.0,68,1.0,11.0,1,2,1,8,2,2,1,1,2
214.0,123.0,117.0,8.0,99,6.0,11.0,2,2,1,4,2,2,2,1,2
299.0,119.0,97.0,16.0,1,221.0,9.0,2,2,1,8,2,2,1,1,1
318.0,124.0,123.0,7.0,114,160.0,10.0,2,2,1,8,2,2,2,1,1
49.0,156.0,9.0,2.0,24,36.0,3.0,1,2,1,4,2,2,2,1,1
232.0,118.0,2.0,2.0,68,90.0,11.0,2,2,1,8,2,2,1,1,1
102.0,178.0,30.0,23.0,45,85.0,3.0,2,2,1,8,2,2,2,1,1
91.0,178.0,37.0,13.0,38,116.0,1.0,1,2,1,8,2,2,2,1,1
258.0,121.0,101.0,4.0,1,1.0,11.0,1,2,1,8,2,2,2,1,1
81.0,137.0,109.0,6.0,38,1.0,11.0,1,2,1,8,2,2,2,1,1
193.0,102.0,103.0,7.0,1,144.0,14.0,2,2,1,4,2,2,2,1,1
273.0,66.0,58.0,13.0,129,186.0,10.0,2,2,1,1,2,2,2,1,1
72.0,162.0,58.0,8.0,32,134.0,11.0,2,2,1,8,2,2,2,1,1
188.0,92.0,70.0,3.0,93,121.0,7.0,2,2,1,1,2,2,1,1,1
130.0,82.0,23.0,1.0,95,1.0,13.0,1,2,1,8,2,1,1,3,1
334.0,109.0,120.0,2.0,1,1.0,5.0,2,2,1,9,2,2,2,1,1
46.0,54.0,52.0,2.0,32,63.0,2.0,2,2,1,8,2,2,1,1,1
272.0,131.0,98.0,7.0,119,228.0,5.0,1,2,1,1,2,2,1,1,1
203.0,102.0,58.0,7.0,1,99.0,2.0,2,2,1,1,2,2,1,1,1
171.0,109.0,92.0,13.0,128,144.0,11.0,2,2,1,4,2,2,2,1,1
281.0,119.0,95.0,1.0,111,1.0,11.0,2,2,1,4,2,1,2,1,1
232.0,18.0,14.0,4.0,68,144.0,1.0,2,3,3,8,2,2,1,1,1
180.0,70.0,77.0,7.0,70,1.0,10.0,2,2,1,8,2,2,1,1,1
31.0,142.0,40.0,7.0,11,120.0,13.0,1,2,1,8,2,2,2,1,1
115.0,185.0,84.0,3.0,1,204.0,11.0,1,2,1,4,2,2,1,1,1
157.0,85.0,17.0,10.0,64,1.0,3.0,1,2,1,4,2,2,2,1,1
311.0,196.0,1.0,16.0,1,83.0,8.0,1,2,1,3,2,2,1,1,1
253.0,11.0,43.0,9.0,32,100.0,3.0,2,3,3,4,2,2,1,1,1
67.0,162.0,47.0,2.0,24,86.0,13.0,2,2,1,8,2,2,1,1,1
118.0,50.0,86.0,10.0,126,136.0,3.0,2,2,1,4,2,2,1,1,1
173.0,66.0,62.0,7.0,53,175.0,3.0,2,2,1,4,2,2,1,1,1
78.0,46.0,55.0,4.0,1,117.0,11.0,2,2,1,8,2,2,2,1,1
235.0,128.0,107.0,15.0,1,183.0,11.0,1,3,3,4,2,2,1,1,1
150.0,119.0,75.0,8.0,1,192.0,2.0,1,2,1,1,2,2,2,1,1
300.0,194.0,92.0,15.0,1,180.0,2.0,1,2,1,8,2,2,1,1,1
267.0,16.0,11.0,12.0,136,7.0,3.0,1,2,1,4,2,2,2,1,1
319.0,149.0,75.0,15.0,1,169.0,11.0,1,2,1,8,2,2,1,1,1
211.0,119.0,77.0,13.0,28,1.0,10.0,2,2,1,4,2,2,2,1,1
76.0,66.0,28.0,12.0,18,178.0,2.0,2,2,1,8,2,2,2,1,1
172.0,46.0,92.0,4.0,1,1.0,3.0,2,2,1,4,2,2,2,1,1
59.0,167.0,1.0,12.0,1,1.0,8.0,1,3,3,5,2,2,2,1,1
131.0,74.0,59.0,2.0,20,1.0,14.0,1,3,3,4,2,2,1,1,1
335.0,194.0,1.0,15.0,1,195.0,5.0,1,2,1,9,2,2,1,1,1
125.0,55.0,76.0,3.0,64,1.0,9.0,2,2,1,4,2,2,2,1,1
185.0,3.0,2.0,2.0,95,173.0,10.0,2,3,3,1,2,2,2,1,1
122.0,55.0,26.0,5.0,45,214.0,14.0,2,2,1,4,2,2,1,1,1
257.0,55.0,43.0,3.0,1,16.0,10.0,2,2,1,8,2,2,2,1,1
95.0,51.0,41.0,2.0,124,21.0,14.0,2,2,1,8,2,2,2,1,1
165.0,52.0,2.0,1.0,123,1.0,5.0,2,3,3,4,2,1,2,1,1
326.0,198.0,116.0,1.0,4,219.0,11.0,1,2,1,8,2,1,2,1,1
237.0,149.0,43.0,1.0,8,137.0,11.0,1,2,1,4,2,1,1,1,1
35.0,142.0,26.0,1.0,18,104.0,11.0,2,2,1,8,2,1,2,1,1
169.0,18.0,2.0,1.0,136,220.0,3.0,1,2,1,8,2,1,1,1,1
208.0,78.0,112.0,1.0,33,122.0,11.0,2,2,1,4,2,1,2,1,1
213.0,37.0,37.0,1.0,133,1.0,4.0,2,3,3,8,1,1,2,1,1
95.0,67.0,7.0,1.0,117,1.0,1.0,1,3,3,8,2,1,2,1,1
241.0,1.0,125.0,1.0,1,1.0,2.0,2,2,1,1,2,1,1,1,1
309.0,178.0,107.0,1.0,6,174.0,9.0,2,2,1,4,2,1,2,1,1
287.0,186.0,109.0,1.0,1,1.0,9.0,1,2,1,4,2,1,2,1,1
71.0,158.0,33.0,1.0,32,1.0,11.0,2,2,1,4,2,1,1,1,1
116.0,46.0,10.0,1.0,90,147.0,13.0,2,3,3,8,2,1,2,1,1
94.0,178.0,64.0,1.0,3,1.0,1.0,2,2,1,8,2,1,2,3,1
107.0,136.0,35.0,1.0,53,63.0,1.0,1,2,1,8,2,1,1,1,1
27.0,139.0,30.0,5.0,18,113.0,11.0,1,2,1,8,2,2,1,1,1
43.0,132.0,46.0,15.0,18,65.0,1.0,2,2,1,8,2,2,1,1,1
273.0,11.0,125.0,20.0,1,223.0,2.0,2,2,1,1,2,2,1,1,1
54.0,63.0,14.0,5.0,24,1.0,7.0,1,2,1,1,2,2,1,3,1
48.0,73.0,5.0,4.0,32,7.0,11.0,1,2,1,8,2,2,1,1,1
315.0,203.0,92.0,8.0,1,191.0,2.0,1,2,1,8,2,2,1,1,1
68.0,111.0,60.0,8.0,41,193.0,11.0,1,2,1,8,2,2,1,1,1
282.0,134.0,118.0,10.0,64,170.0,2.0,2,2,1,4,2,2,1,1,1
233.0,119.0,72.0,2.0,1,110.0,1.0,2,2,1,1,2,2,1,1,1
236.0,102.0,84.0,8.0,1,192.0,2.0,2,2,1,8,2,2,1,1,1
133.0,34.0,58.0,6.0,99,165.0,2.0,1,2,1,8,2,2,2,1,1
176.0,97.0,40.0,3.0,1,1.0,11.0,1,2,1,4,2,2,1,1,1
55.0,158.0,64.0,1.0,1,1.0,2.0,2,2,1,8,2,1,2,1,1
247.0,8.0,87.0,1.0,127,1.0,7.0,2,2,1,4,2,1,1,1,1
245.0,32.0,58.0,1.0,148,120.0,14.0,2,2,1,8,2,1,1,1,1
71.0,48.0,66.0,7.0,24,1.0,13.0,2,3,3,8,2,2,1,1,1
189.0,88.0,109.0,8.0,67,1.0,7.0,2,3,3,1,2,2,2,1,1
128.0,103.0,37.0,9.0,47,8.0,2.0,2,3,3,1,2,2,2,1,1
177.0,77.0,68.0,4.0,120,1.0,14.0,2,3,3,8,2,2,2,1,1
277.0,130.0,126.0,13.0,1,132.0,13.0,2,2,1,4,2,2,1,1,1
121.0,56.0,47.0,4.0,117,115.0,1.0,2,3,3,8,2,2,2,1,1
70.0,150.0,2.0,10.0,18,103.0,14.0,2,2,1,8,2,2,1,1,1
85.0,17.0,31.0,2.0,1,123.0,11.0,1,2,1,4,2,2,1,1,1
241.0,33.0,52.0,1.0,1,90.0,7.0,1,2,1,1,2,1,2,1,1
49.0,154.0,19.0,3.0,14,1.0,11.0,1,2,1,8,2,2,2,1,1
204.0,58.0,3.0,2.0,15,150.0,13.0,2,3,3,8,2,2,1,1,1
197.0,173.0,123.0,9.0,1,211.0,11.0,1,2,1,4,2,2,1,1,1
133.0,140.0,93.0,7.0,121,68.0,11.0,2,2,1,4,2,2,1,1,1
195.0,66.0,80.0,8.0,49,158.0,9.0,2,2,1,8,2,2,1,1,1
229.0,92.0,98.0,17.0,37,153.0,2.0,2,2,1,1,2,2,1,1,1
227.0,114.0,114.0,15.0,126,1.0,3.0,2,2,1,4,2,2,2,1,1
87.0,120.0,92.0,1.0,32,1.0,4.0,2,3,3,8,2,1,2,3,1
325.0,191.0,129.0,16.0,1,144.0,6.0,2,2,1,3,2,2,2,1,1
76.0,167.0,72.0,10.0,17,129.0,7.0,2,2,1,8,2,2,1,1,1
112.0,69.0,89.0,2.0,73,1.0,3.0,2,3,3,8,2,2,1,1,1
277.0,82.0,72.0,1.0,81,1.0,1.0,2,2,1,8,2,1,1,3,1
240.0,88.0,100.0,9.0,104,1.0,3.0,2,2,1,4,2,2,1,1,1
308.0,167.0,84.0,6.0,1,216.0,6.0,2,2,1,3,2,2,1,1,1
302.0,145.0,111.0,6.0,1,1.0,5.0,2,2,1,8,2,2,1,1,1
32.0,139.0,26.0,5.0,24,110.0,2.0,1,3,3,8,2,2,2,1,1
288.0,179.0,53.0,4.0,52,1.0,1.0,1,2,1,8,2,2,2,1,1
333.0,162.0,130.0,8.0,5,1.0,5.0,2,2,1,9,2,2,2,1,1
18.0,137.0,34.0,1.0,1,1.0,1.0,1,2,1,8,2,1,2,1,1
31.0,143.0,3.0,1.0,32,1.0,1.0,1,2,1,8,2,1,1,1,1
214.0,109.0,4.0,1.0,80,1.0,11.0,1,2,1,8,2,1,2,1,1
78.0,87.0,7.0,1.0,53,1.0,2.0,2,2,1,1,2,1,2,1,1
23.0,109.0,14.0,1.0,24,1.0,9.0,2,2,1,8,2,1,1,1,1
69.0,133.0,57.0,1.0,55,1.0,14.0,1,3,3,8,1,1,1,1,1
39.0,13.0,47.0,3.0,24,1.0,11.0,2,2,1,8,2,2,2,1,1
64.0,162.0,18.0,1.0,32,1.0,3.0,2,2,1,8,2,1,1,1,1
96.0,82.0,17.0,8.0,1,213.0,3.0,2,2,1,8,2,2,1,1,1
272.0,73.0,122.0,3.0,150,171.0,14.0,1,2,1,8,2,2,2,1,1
179.0,52.0,80.0,5.0,88,138.0,14.0,2,2,1,4,2,2,2,1,1
122.0,188.0,94.0,1.0,145,110.0,13.0,2,2,1,8,2,1,2,1,1
320.0,205.0,114.0,14.0,1,212.0,7.0,1,2,1,1,2,2,1,1,1
48.0,54.0,49.0,6.0,76,185.0,11.0,1,2,1,8,2,2,1,1,1
108.0,10.0,1.0,1.0,1,1.0,7.0,2,2,1,1,2,1,2,1,1
55.0,127.0,35.0,2.0,24,217.0,1.0,2,2,1,8,2,2,1,1,1
252.0,97.0,81.0,1.0,1,1.0,11.0,2,2,1,8,2,1,1,3,1
215.0,152.0,58.0,7.0,151,73.0,14.0,2,2,1,8,2,2,1,1,1
47.0,149.0,58.0,1.0,11,1.0,2.0,2,3,3,8,2,1,1,3,1
278.0,209.0,43.0,4.0,38,15.0,13.0,2,2,1,8,2,2,1,1,1
129.0,102.0,116.0,1.0,20,1.0,13.0,2,2,1,8,2,1,2,1,1
28.0,55.0,37.0,3.0,38,90.0,7.0,2,2,1,8,2,2,1,1,1
177.0,74.0,48.0,2.0,63,225.0,2.0,2,3,3,4,2,2,2,1,1
262.0,134.0,123.0,2.0,26,173.0,3.0,2,2,1,4,2,2,2,1,1
39.0,9.0,8.0,12.0,24,49.0,11.0,1,2,1,4,2,2,1,1,1
61.0,162.0,8.0,7.0,39,1.0,14.0,2,2,1,8,2,2,1,1,1
234.0,206.0,130.0,12.0,1,151.0,5.0,2,2,1,9,2,2,1,1,1
242.0,102.0,84.0,7.0,143,1.0,11.0,2,2,1,4,2,2,2,1,1
20.0,162.0,26.0,12.0,1,191.0,14.0,1,2,1,4,2,2,1,1,1
77.0,164.0,13.0,2.0,32,1.0,14.0,2,2,1,4,2,2,1,1,1
24.0,154.0,28.0,1.0,104,14.0,2.0,2,2,1,4,1,1,1,1,2
41.0,163.0,47.0,1.0,44,1.0,2.0,2,2,1,8,1,1,2,1,2
41.0,1.0,14.0,1.0,47,1.0,4.0,2,2,1,8,1,1,1,1,2
49.0,143.0,2.0,1.0,68,144.0,7.0,1,2,1,8,1,1,1,1,2
89.0,52.0,5.0,1.0,43,1.0,2.0,1,3,3,8,1,1,1,1,2
172.0,63.0,94.0,1.0,98,1.0,4.0,2,2,1,4,1,1,2,1,2
296.0,1.0,1.0,1.0,1,1.0,6.0,1,3,3,3,1,1,1,1,2
277.0,42.0,9.0,1.0,1,56.0,7.0,1,2,1,7,1,1,1,1,2
46.0,158.0,1.0,1.0,51,28.0,14.0,1,3,3,4,1,1,2,1,2
290.0,20.0,1.0,1.0,48,1.0,6.0,2,2,1,3,1,1,1,1,2
13.0,4.0,2.0,1.0,45,127.0,2.0,2,3,3,8,1,1,1,1,2
26.0,39.0,1.0,1.0,32,1.0,5.0,2,3,3,2,1,1,1,1,2
165.0,115.0,31.0,1.0,92,1.0,4.0,1,2,1,8,1,1,1,1,2
324.0,47.0,4.0,1.0,90,1.0,11.0,2,2,1,8,2,1,2,1,1
22.0,6.0,6.0,1.0,68,32.0,11.0,2,2,1,6,1,1,1,1,1
169.0,66.0,31.0,1.0,95,1.0,2.0,2,2,1,8,1,1,2,1,2
23.0,122.0,2.0,1.0,45,1.0,10.0,2,3,3,8,1,1,1,1,2
216.0,152.0,4.0,1.0,53,1.0,9.0,2,3,3,8,1,1,1,1,2
152.0,66.0,52.0,1.0,108,1.0,3.0,2,2,1,4,1,1,2,3,2
29.0,112.0,15.0,1.0,38,1.0,4.0,2,2,1,8,1,1,1,1,2
34.0,108.0,8.0,1.0,24,109.0,7.0,1,2,1,4,1,1,1,1,2
24.0,149.0,5.0,1.0,108,1.0,11.0,1,3,3,4,1,1,1,1,2
9.0,29.0,3.0,1.0,68,1.0,10.0,2,2,1,8,2,1,1,3,2
53.0,30.0,7.0,1.0,95,75.0,2.0,2,3,3,4,1,1,1,1,2
84.0,20.0,4.0,1.0,85,2.0,3.0,2,3,3,4,1,1,1,1,2
19.0,94.0,7.0,1.0,24,1.0,2.0,2,2,1,8,1,1,1,3,2
11.0,40.0,7.0,2.0,34,48.0,11.0,1,2,1,8,1,2,1,1,2
78.0,180.0,4.0,3.0,1,207.0,2.0,2,2,1,8,1,2,1,1,2
18.0,149.0,5.0,2.0,38,2.0,13.0,2,2,1,4,1,2,1,1,2
139.0,19.0,8.0,2.0,108,189.0,13.0,2,2,1,8,1,2,1,1,2
31.0,14.0,5.0,2.0,68,2.0,2.0,2,3,3,8,1,2,1,1,2
60.0,52.0,1.0,1.0,53,1.0,8.0,1,3,3,5,1,1,1,1,2
75.0,26.0,14.0,1.0,104,1.0,10.0,2,2,1,8,1,1,2,3,2
25.0,149.0,26.0,2.0,38,2.0,13.0,1,2,1,8,1,2,1,1,2
99.0,18.0,5.0,2.0,92,105.0,13.0,2,2,1,8,1,2,1,1,2
199.0,64.0,4.0,3.0,76,2.0,13.0,2,2,1,8,1,2,1,1,2
7.0,12.0,1.0,2.0,53,57.0,6.0,1,2,1,3,1,2,1,1,2
164.0,76.0,65.0,3.0,68,5.0,6.0,1,2,1,3,1,2,2,1,2
336.0,137.0,75.0,2.0,20,7.0,6.0,2,2,1,3,1,2,1,1,2
174.0,66.0,43.0,3.0,160,1.0,1.0,2,2,1,8,1,2,2,1,2
10.0,70.0,18.0,2.0,24,22.0,1.0,2,2,1,8,1,2,1,1,2
65.0,174.0,71.0,3.0,63,69.0,2.0,2,2,1,8,1,2,2,1,2
317.0,55.0,98.0,2.0,1,11.0,6.0,1,2,1,3,1,2,1,1,2
25.0,6.0,7.0,1.0,95,1.0,4.0,2,2,1,8,1,1,2,3,2
80.0,33.0,14.0,1.0,95,1.0,2.0,2,2,1,8,1,1,2,3,2
5.0,72.0,3.0,1.0,38,1.0,11.0,1,2,1,8,1,1,1,1,2
91.0,187.0,37.0,1.0,95,2.0,11.0,1,2,1,4,1,1,1,1,2
282.0,212.0,1.0,1.0,1,1.0,6.0,2,3,3,3,2,1,2,1,2
81.0,70.0,80.0,1.0,53,25.0,6.0,2,2,1,3,1,1,1,1,2
29.0,155.0,11.0,1.0,24,1.0,6.0,2,2,1,3,1,1,1,1,2
123.0,41.0,7.0,1.0,45,1.0,9.0,2,2,1,4,1,1,2,3,2
162.0,73.0,1.0,1.0,53,21.0,8.0,1,3,3,5,1,1,1,1,2
92.0,95.0,26.0,1.0,114,7.0,13.0,1,2,1,8,1,1,2,1,2
33.0,52.0,54.0,1.0,36,7.0,2.0,2,3,3,8,1,1,2,1,2
10.0,9.0,4.0,1.0,68,2.0,1.0,1,2,1,8,1,1,1,1,2
29.0,149.0,11.0,1.0,24,34.0,4.0,1,2,1,8,1,1,1,1,2
9.0,1.0,7.0,1.0,18,1.0,1.0,2,3,3,8,1,1,1,1,2
75.0,26.0,14.0,1.0,104,1.0,10.0,2,2,1,8,2,1,2,3,2
53.0,10.0,7.0,1.0,95,75.0,2.0,2,3,3,4,1,1,1,1,2
17.0,207.0,1.0,1.0,138,229.0,6.0,2,1,2,7,1,1,2,2,1
34.0,1.0,1.0,1.0,147,2.0,10.0,2,3,3,1,1,1,2,3,1
209.0,5.0,37.0,1.0,83,54.0,2.0,2,3,3,8,1,1,2,1,1
54.0,46.0,37.0,1.0,49,9.0,13.0,2,2,1,8,1,1,1,1,1
23.0,13.0,114.0,1.0,99,1.0,3.0,1,1,2,3,1,1,2,3,1
181.0,13.0,10.0,1.0,99,35.0,3.0,1,2,1,8,1,1,1,1,1
281.0,8.0,7.0,12.0,120,188.0,9.0,2,3,3,8,2,2,1,1,1
181.0,40.0,29.0,1.0,38,1.0,13.0,2,2,1,8,1,1,1,1,2
139.0,36.0,26.0,1.0,95,14.0,14.0,1,3,3,8,1,1,1,1,2
146.0,36.0,2.0,1.0,58,70.0,2.0,2,3,3,8,1,1,1,1,2
192.0,66.0,64.0,1.0,68,1.0,13.0,2,3,3,8,1,1,1,3,2
178.0,66.0,58.0,1.0,1,3.0,2.0,1,3,3,8,1,1,2,1,2
185.0,66.0,26.0,1.0,141,17.0,2.0,2,2,1,8,1,1,1,1,2
97.0,178.0,26.0,1.0,63,146.0,4.0,1,2,1,8,1,1,2,1,2
191.0,66.0,14.0,1.0,109,1.0,3.0,2,2,1,1,1,1,1,1,2
122.0,26.0,5.0,1.0,76,84.0,11.0,2,2,1,4,1,1,2,1,2
271.0,119.0,26.0,1.0,1,79.0,2.0,2,2,1,8,1,1,2,1,2
192.0,40.0,14.0,1.0,53,1.0,7.0,1,3,3,4,1,1,2,1,2
178.0,73.0,47.0,1.0,63,1.0,1.0,1,3,3,8,1,1,1,1,2
125.0,73.0,20.0,1.0,99,42.0,13.0,2,2,1,8,1,1,2,1,2
224.0,87.0,64.0,1.0,144,1.0,2.0,1,2,1,8,1,1,1,1,2
251.0,89.0,2.0,1.0,34,50.0,1.0,2,2,1,8,1,1,1,1,2
115.0,61.0,14.0,1.0,157,197.0,7.0,2,2,1,1,1,1,2,1,2
182.0,70.0,1.0,1.0,63,1.0,7.0,2,2,1,1,1,1,1,1,2
222.0,52.0,14.0,1.0,99,3.0,9.0,2,2,1,8,1,1,2,1,2
329.0,123.0,1.0,1.0,1,13.0,5.0,2,2,1,9,1,1,1,1,2
113.0,95.0,58.0,1.0,68,153.0,2.0,2,3,3,1,1,1,1,1,2
330.0,18.0,16.0,4.0,63,1.0,2.0,2,2,1,8,2,2,2,1,2
124.0,46.0,52.0,2.0,32,4.0,13.0,2,2,1,8,1,2,2,1,2
108.0,55.0,1.0,1.0,94,2.0,8.0,1,2,1,5,1,1,2,1,2
65.0,20.0,1.0,1.0,32,1.0,6.0,2,3,3,3,1,1,1,1,2
69.0,167.0,37.0,1.0,1,197.0,10.0,2,3,3,8,1,1,2,1,2
153.0,48.0,16.0,1.0,1,1.0,4.0,2,2,1,8,1,1,2,3,2
208.0,55.0,7.0,1.0,77,1.0,7.0,2,2,1,8,1,1,2,1,2
6.0,6.0,26.0,3.0,104,2.0,1.0,1,2,1,8,1,2,2,1,2
240.0,42.0,5.0,1.0,57,1.0,4.0,2,2,1,8,1,1,1,1,2
37.0,6.0,2.0,1.0,120,1.0,11.0,1,2,1,8,1,1,2,1,2
170.0,73.0,5.0,1.0,38,1.0,4.0,2,2,1,8,1,1,2,1,2
209.0,98.0,1.0,1.0,53,1.0,6.0,1,2,1,3,1,1,1,1,2
147.0,109.0,92.0,1.0,32,1.0,9.0,1,2,1,8,1,1,2,3,2
76.0,66.0,3.0,1.0,32,200.0,6.0,2,2,1,3,1,1,2,1,2
114.0,18.0,1.0,1.0,32,1.0,9.0,2,2,1,3,1,1,1,1,2
12.0,12.0,8.0,1.0,68,1.0,9.0,2,3,3,8,1,1,1,3,2
88.0,55.0,5.0,3.0,104,159.0,5.0,2,2,1,2,1,2,1,1,2
252.0,40.0,122.0,2.0,112,53.0,10.0,2,2,1,8,1,2,2,1,2
72.0,117.0,5.0,1.0,76,144.0,1.0,1,2,1,8,1,1,1,1,2
228.0,51.0,5.0,1.0,127,1.0,10.0,2,3,3,8,1,1,1,3,2
82.0,167.0,64.0,1.0,3,17.0,9.0,1,3,3,4,1,1,2,1,2
56.0,26.0,20.0,1.0,43,3.0,12.0,2,3,3,6,1,1,2,1,2
175.0,66.0,100.0,1.0,95,1.0,13.0,2,3,3,8,1,1,2,1,2
110.0,183.0,1.0,1.0,45,149.0,5.0,2,2,1,2,1,1,2,1,2
262.0,96.0,26.0,1.0,85,1.0,9.0,1,2,1,4,1,1,2,3,2
109.0,47.0,4.0,1.0,32,1.0,13.0,2,2,1,8,1,1,1,1,2
50.0,17.0,26.0,1.0,90,1.0,5.0,1,3,3,2,1,1,1,1,2
133.0,191.0,4.0,1.0,1,89.0,4.0,2,2,1,8,1,1,1,1,2
48.0,29.0,47.0,1.0,85,1.0,2.0,2,3,3,8,1,1,2,3,2
188.0,42.0,4.0,1.0,136,201.0,7.0,2,2,1,1,1,1,2,1,2
180.0,10.0,75.0,1.0,131,1.0,7.0,2,2,1,1,1,1,2,3,2
255.0,102.0,52.0,1.0,46,1.0,7.0,2,2,1,1,1,1,2,1,2
71.0,123.0,5.0,1.0,53,1.0,2.0,1,2,1,8,1,1,1,1,2
87.0,66.0,80.0,1.0,68,106.0,7.0,1,3,3,1,1,1,1,1,2
314.0,92.0,84.0,1.0,1,5.0,6.0,1,3,3,3,1,1,2,1,2
64.0,166.0,39.0,1.0,32,154.0,9.0,2,2,1,8,1,1,2,1,2
184.0,109.0,37.0,1.0,18,1.0,2.0,2,3,3,8,1,1,2,1,2
70.0,46.0,15.0,1.0,38,42.0,1.0,2,3,3,8,1,1,2,1,2
53.0,1.0,14.0,1.0,1,1.0,2.0,2,2,1,8,1,1,2,3,2
112.0,192.0,1.0,1.0,62,1.0,7.0,2,2,1,1,1,1,2,1,2
74.0,7.0,3.0,1.0,1,1.0,10.0,2,2,1,8,1,1,1,3,2
2.0,123.0,26.0,1.0,156,1.0,5.0,2,2,1,8,1,1,1,1,2
232.0,102.0,6.0,1.0,153,1.0,7.0,2,2,1,1,1,1,1,1,2
120.0,178.0,7.0,1.0,160,1.0,1.0,2,2,1,1,1,1,2,1,2
91.0,18.0,26.0,1.0,38,2.0,10.0,2,2,1,8,1,1,2,1,2
240.0,40.0,7.0,1.0,1,72.0,13.0,2,3,3,8,1,1,1,1,2
176.0,49.0,15.0,1.0,1,1.0,4.0,1,2,1,8,1,1,2,1,2
142.0,56.0,2.0,1.0,40,2.0,14.0,2,3,3,4,1,1,1,1,2
82.0,20.0,4.0,1.0,38,46.0,6.0,1,3,3,3,1,1,1,1,2
108.0,178.0,31.0,1.0,1,18.0,9.0,2,3,3,4,1,1,2,1,2
155.0,57.0,3.0,1.0,99,1.0,2.0,2,2,1,8,1,1,1,1,2
49.0,104.0,8.0,1.0,45,71.0,8.0,2,3,3,8,1,1,1,1,2
135.0,13.0,8.0,1.0,76,60.0,2.0,2,2,1,8,1,1,1,1,2
295.0,119.0,66.0,1.0,21,1.0,7.0,1,2,1,1,1,1,2,1,2
71.0,12.0,20.0,1.0,53,1.0,11.0,1,2,1,8,1,1,1,3,2
184.0,104.0,28.0,1.0,144,1.0,7.0,2,3,3,1,1,1,2,1,2
337.0,115.0,1.0,1.0,1,1.0,6.0,1,2,1,3,1,1,1,3,2
38.0,22.0,26.0,2.0,164,3.0,2.0,1,3,3,8,1,2,1,1,2
6.0,76.0,3.0,2.0,1,7.0,13.0,2,2,1,8,1,2,1,1,2
13.0,10.0,9.0,5.0,53,9.0,11.0,2,2,1,8,1,2,1,1,2
157.0,71.0,1.0,6.0,61,61.0,6.0,2,2,1,3,1,2,1,1,2
96.0,73.0,31.0,2.0,1,23.0,2.0,2,2,1,8,1,2,1,1,2
71.0,27.0,3.0,1.0,47,1.0,7.0,1,2,1,8,1,1,1,1,2
236.0,46.0,1.0,1.0,99,1.0,7.0,2,2,1,1,1,1,1,3,2
66.0,16.0,4.0,1.0,95,38.0,9.0,2,2,1,8,1,1,2,1,2
66.0,40.0,70.0,1.0,95,1.0,6.0,1,3,3,3,1,1,1,1,2
69.0,5.0,4.0,1.0,68,44.0,9.0,2,3,3,8,1,1,1,1,2
82.0,53.0,15.0,1.0,44,2.0,2.0,2,2,1,8,1,1,2,1,2
218.0,24.0,10.0,3.0,79,110.0,2.0,2,2,1,8,1,2,1,1,2
111.0,67.0,1.0,1.0,63,41.0,6.0,1,3,3,3,1,1,2,1,2
194.0,66.0,26.0,1.0,72,1.0,7.0,2,2,1,8,1,1,2,1,2
46.0,36.0,37.0,1.0,34,8.0,11.0,2,2,1,8,1,1,1,1,2
138.0,40.0,43.0,1.0,68,1.0,13.0,2,2,1,8,1,1,1,1,2
108.0,29.0,29.0,1.0,32,1.0,3.0,2,2,1,8,1,1,1,1,2
181.0,59.0,37.0,1.0,38,1.0,2.0,2,2,1,8,1,1,1,2,2
90.0,40.0,7.0,1.0,35,1.0,2.0,2,2,1,8,1,1,1,1,2
122.0,56.0,7.0,1.0,63,36.0,13.0,1,2,1,8,1,1,2,1,2
213.0,29.0,2.0,1.0,38,6.0,5.0,2,2,1,8,1,1,1,1,2
284.0,62.0,8.0,1.0,68,4.0,6.0,2,2,1,3,1,1,1,1,2
180.0,12.0,3.0,1.0,63,1.0,3.0,2,3,3,8,1,1,1,1,2
294.0,73.0,37.0,1.0,63,5.0,6.0,2,3,3,3,1,1,1,1,2
74.0,77.0,5.0,1.0,53,145.0,2.0,2,3,3,8,1,1,1,1,2
61.0,47.0,3.0,1.0,113,1.0,9.0,2,2,1,8,1,1,2,1,2
97.0,33.0,14.0,1.0,68,1.0,1.0,2,2,1,8,1,1,1,1,2
321.0,69.0,56.0,1.0,104,1.0,2.0,2,2,1,8,1,1,2,1,2
33.0,1.0,1.0,5.0,13,2.0,6.0,2,3,3,3,1,2,1,1,2
38.0,20.0,1.0,4.0,111,131.0,6.0,2,2,1,3,1,2,1,1,2
301.0,6.0,1.0,1.0,19,26.0,6.0,1,2,1,3,1,1,2,3,2
117.0,40.0,1.0,2.0,27,90.0,6.0,1,2,1,3,1,2,1,1,2
105.0,30.0,10.0,3.0,60,4.0,9.0,2,2,1,8,1,2,2,1,2
76.0,1.0,26.0,12.0,1,1.0,9.0,2,2,1,8,1,2,1,3,2
230.0,102.0,1.0,3.0,2,2.0,6.0,2,2,1,3,1,2,1,1,2
151.0,69.0,4.0,1.0,24,1.0,10.0,2,3,3,8,1,1,2,3,2
14.0,73.0,2.0,1.0,53,32.0,9.0,2,2,1,8,1,1,2,1,2
19.0,1.0,1.0,1.0,25,1.0,8.0,1,3,3,3,1,1,1,1,2
11.0,5.0,5.0,1.0,43,1.0,2.0,2,2,1,8,1,1,1,1,2
119.0,50.0,1.0,1.0,108,2.0,6.0,1,2,1,3,1,1,1,1,2
157.0,37.0,1.0,2.0,30,20.0,6.0,2,2,1,3,1,2,1,1,2
41.0,123.0,14.0,1.0,1,1.0,2.0,2,2,1,8,1,1,1,1,2
229.0,49.0,37.0,1.0,1,92.0,2.0,2,2,1,8,1,1,1,1,2
206.0,92.0,72.0,1.0,139,36.0,11.0,2,2,1,8,1,1,1,1,2
298.0,46.0,73.0,1.0,1,96.0,4.0,2,2,1,8,1,1,2,1,2
202.0,200.0,3.0,1.0,104,196.0,13.0,2,2,1,8,1,1,1,1,2
141.0,26.0,2.0,1.0,85,1.0,2.0,2,3,3,8,1,1,1,1,2
202.0,109.0,84.0,1.0,72,124.0,7.0,2,2,1,1,1,1,1,1,2
102.0,11.0,37.0,1.0,53,1.0,2.0,2,3,3,8,1,1,2,1,2
89.0,64.0,1.0,1.0,38,1.0,2.0,1,3,3,8,1,1,1,1,2
85.0,30.0,3.0,5.0,89,172.0,10.0,2,2,1,8,1,2,1,1,2
62.0,17.0,4.0,1.0,114,1.0,2.0,2,2,1,8,1,1,1,1,2
207.0,11.0,1.0,11.0,68,19.0,6.0,1,2,1,3,1,2,1,1,2
75.0,54.0,1.0,2.0,68,37.0,8.0,1,2,1,5,1,2,1,1,2
121.0,73.0,63.0,2.0,95,11.0,10.0,1,2,1,8,1,2,2,1,2
156.0,75.0,58.0,3.0,53,33.0,2.0,2,2,1,8,1,2,2,1,2
149.0,43.0,2.0,4.0,1,29.0,13.0,1,2,1,4,1,2,1,1,2
64.0,63.0,20.0,1.0,63,1.0,9.0,2,2,1,8,1,1,1,1,2
10.0,89.0,11.0,1.0,38,1.0,7.0,2,2,1,4,1,1,2,1,2
62.0,170.0,3.0,1.0,104,6.0,9.0,1,2,1,4,1,1,1,1,2
52.0,90.0,2.0,1.0,45,50.0,7.0,2,3,3,4,1,1,1,1,2
16.0,119.0,4.0,1.0,18,50.0,7.0,2,2,1,8,1,1,1,1,2
34.0,87.0,26.0,1.0,114,144.0,7.0,2,3,3,8,1,1,2,1,2
48.0,14.0,4.0,1.0,1,35.0,2.0,2,2,1,8,1,1,1,1,2
113.0,55.0,20.0,1.0,24,1.0,4.0,2,2,1,8,1,1,2,1,2
82.0,29.0,3.0,1.0,76,6.0,7.0,2,2,1,4,1,1,2,1,2
225.0,66.0,114.0,1.0,68,1.0,7.0,2,3,3,4,1,1,2,3,2
72.0,167.0,11.0,1.0,1,1.0,7.0,2,2,1,8,1,1,1,1,2
12.0,17.0,5.0,7.0,85,30.0,7.0,1,2,1,8,1,2,2,1,2
81.0,77.0,11.0,2.0,95,45.0,9.0,2,3,3,8,1,2,2,1,2
15.0,142.0,43.0,11.0,1,11.0,1.0,1,2,1,8,1,2,2,1,2
83.0,14.0,2.0,3.0,40,7.0,2.0,2,3,3,8,1,2,1,1,2
190.0,35.0,29.0,1.0,7,1.0,10.0,2,2,1,8,1,1,1,3,2
339.0,202.0,2.0,3.0,1,97.0,6.0,2,3,3,3,1,2,1,1,2
127.0,5.0,3.0,1.0,75,177.0,9.0,2,3,3,8,1,1,1,1,2
89.0,184.0,2.0,1.0,38,108.0,1.0,2,3,3,8,1,1,2,1,2
31.0,83.0,1.0,1.0,63,2.0,6.0,2,3,3,3,1,1,2,1,2
270.0,26.0,62.0,2.0,107,139.0,11.0,1,2,1,4,2,2,1,1,1
86.0,30.0,82.0,3.0,151,173.0,11.0,2,2,1,8,2,2,2,1,1
226.0,142.0,98.0,15.0,85,202.0,10.0,2,2,1,8,2,2,1,1,1
47.0,172.0,95.0,1.0,108,1.0,2.0,1,2,1,4,2,1,1,1,1
31.0,93.0,64.0,1.0,85,1.0,2.0,1,3,3,4,2,1,1,1,1
34.0,142.0,37.0,1.0,38,181.0,13.0,2,2,1,8,2,1,1,1,1
94.0,30.0,27.0,1.0,53,210.0,14.0,1,2,1,4,2,1,2,1,1
43.0,139.0,41.0,4.0,11,27.0,2.0,2,2,1,8,2,2,2,1,1
103.0,17.0,36.0,6.0,103,1.0,2.0,2,2,1,8,2,2,2,1,1
46.0,123.0,40.0,4.0,68,163.0,2.0,2,2,1,8,2,2,1,1,1
223.0,102.0,72.0,11.0,1,1.0,3.0,2,2,1,8,2,2,2,1,1
331.0,6.0,1.0,2.0,83,50.0,6.0,1,2,1,3,2,2,1,1,1
128.0,105.0,83.0,3.0,131,8.0,14.0,2,2,1,8,2,2,1,1,1
134.0,85.0,28.0,2.0,118,1.0,2.0,1,2,1,8,2,2,2,1,1
158.0,203.0,100.0,17.0,1,204.0,2.0,2,2,1,8,2,2,1,1,1
32.0,137.0,20.0,3.0,26,119.0,1.0,1,2,1,8,2,2,1,1,1
91.0,73.0,44.0,19.0,1,110.0,11.0,1,2,1,4,2,2,1,1,1
152.0,173.0,47.0,2.0,76,20.0,2.0,1,2,1,8,2,2,1,1,1
51.0,100.0,52.0,2.0,24,90.0,13.0,2,3,3,8,2,2,2,1,1
1.0,87.0,43.0,3.0,38,144.0,13.0,2,3,3,8,2,2,2,1,1
265.0,87.0,1.0,1.0,32,142.0,8.0,1,2,1,5,2,1,1,1,1
260.0,1.0,58.0,1.0,1,1.0,2.0,1,2,1,8,2,1,1,1,1
44.0,148.0,1.0,1.0,1,1.0,5.0,2,2,1,2,2,1,1,1,1
71.0,67.0,60.0,1.0,1,1.0,2.0,2,3,3,4,2,1,1,1,1
327.0,102.0,75.0,5.0,1,49.0,1.0,1,2,1,8,2,2,1,1,1
7.0,26.0,43.0,6.0,112,125.0,2.0,2,2,1,8,2,2,2,1,1
127.0,13.0,16.0,5.0,24,1.0,11.0,1,2,1,8,2,2,1,1,1
225.0,51.0,4.0,6.0,144,1.0,14.0,2,2,1,8,2,2,2,1,1
144.0,107.0,52.0,6.0,31,110.0,5.0,1,2,1,2,2,2,2,1,1
73.0,73.0,32.0,2.0,90,133.0,10.0,2,2,1,8,2,2,1,1,1
69.0,134.0,43.0,11.0,24,143.0,11.0,1,2,1,8,2,2,1,1,2
132.0,50.0,56.0,1.0,136,1.0,11.0,1,2,1,8,2,1,2,1,2
263.0,46.0,58.0,1.0,45,1.0,2.0,2,2,1,8,2,1,2,1,2
244.0,52.0,6.0,1.0,53,1.0,9.0,2,2,1,8,2,1,1,1,2
315.0,12.0,26.0,1.0,87,179.0,7.0,1,2,1,1,2,1,2,1,2
307.0,125.0,99.0,4.0,32,36.0,9.0,1,2,1,4,2,2,2,1,2
256.0,211.0,6.0,2.0,161,47.0,11.0,2,2,1,4,2,2,1,1,2
98.0,57.0,62.0,1.0,114,2.0,2.0,1,2,1,4,2,1,2,1,2
90.0,23.0,43.0,1.0,127,1.0,1.0,1,2,1,4,2,1,1,1,2
255.0,61.0,20.0,1.0,154,1.0,7.0,2,2,1,1,2,1,1,1,2
238.0,29.0,1.0,1.0,42,2.0,6.0,2,2,1,3,2,1,1,1,2
163.0,66.0,103.0,1.0,152,1.0,1.0,2,2,1,8,2,1,2,1,2
183.0,48.0,1.0,1.0,104,1.0,6.0,1,3,3,3,2,1,1,1,2
93.0,40.0,1.0,1.0,24,1.0,6.0,1,2,1,3,2,1,1,1,2
196.0,77.0,73.0,1.0,158,1.0,14.0,2,2,1,4,2,1,2,1,2
187.0,52.0,7.0,1.0,54,1.0,13.0,2,2,1,1,2,1,2,1,2
36.0,46.0,47.0,1.0,32,21.0,3.0,2,3,3,8,2,1,2,1,2
251.0,73.0,26.0,1.0,1,74.0,7.0,2,2,1,1,2,1,1,1,2
39.0,149.0,23.0,1.0,45,1.0,9.0,2,3,3,4,2,1,2,1,2
204.0,86.0,29.0,1.0,68,1.0,13.0,2,2,1,8,2,1,2,1,2
145.0,34.0,14.0,11.0,43,27.0,7.0,2,3,3,1,2,2,2,1,2
259.0,162.0,37.0,1.0,1,1.0,4.0,2,3,3,8,2,1,1,3,2
82.0,16.0,61.0,7.0,71,95.0,13.0,2,3,3,8,2,2,2,1,2
84.0,46.0,45.0,7.0,68,94.0,4.0,2,2,1,4,2,2,1,1,1
177.0,33.0,20.0,8.0,108,198.0,14.0,2,2,1,8,2,2,2,1,1
279.0,173.0,127.0,1.0,35,1.0,10.0,2,2,1,8,2,1,1,3,1
340.0,208.0,119.0,2.0,1,52.0,5.0,2,2,1,9,2,2,2,1,1
291.0,149.0,1.0,12.0,1,156.0,7.0,2,2,1,1,2,2,1,1,1
191.0,194.0,91.0,10.0,1,59.0,12.0,2,2,1,6,2,2,2,1,1
219.0,80.0,75.0,15.0,122,161.0,13.0,2,2,1,8,2,2,1,1,1
68.0,165.0,20.0,5.0,1,93.0,14.0,1,3,3,4,2,2,1,1,1
246.0,15.0,6.0,7.0,76,141.0,2.0,2,2,1,4,2,2,1,1,1
140.0,95.0,103.0,3.0,106,1.0,13.0,2,2,1,8,2,2,2,1,1
167.0,45.0,28.0,17.0,38,176.0,13.0,1,2,1,8,2,2,1,1,1
292.0,2.0,2.0,1.0,1,191.0,14.0,2,2,1,4,2,1,1,1,1
73.0,62.0,53.0,8.0,45,184.0,11.0,1,2,1,4,2,2,2,1,1
94.0,176.0,72.0,7.0,127,107.0,3.0,1,2,1,4,2,2,1,1,1
113.0,37.0,31.0,1.0,1,206.0,14.0,2,2,1,4,2,1,1,1,1
79.0,46.0,35.0,1.0,132,74.0,2.0,2,2,1,4,2,1,1,1,1
88.0,177.0,39.0,1.0,38,1.0,11.0,2,2,1,4,2,1,2,1,1
249.0,103.0,119.0,1.0,27,1.0,11.0,2,2,1,4,2,1,2,1,1
50.0,73.0,2.0,1.0,32,1.0,1.0,1,2,1,8,2,1,1,1,1
76.0,167.0,50.0,12.0,97,88.0,13.0,2,2,1,4,2,2,2,1,1
96.0,72.0,24.0,1.0,114,1.0,14.0,1,2,1,4,2,1,1,1,1
254.0,13.0,10.0,9.0,99,67.0,2.0,2,3,3,8,2,2,2,1,1
199.0,31.0,20.0,5.0,1,168.0,1.0,1,2,1,8,2,2,1,1,1
323.0,70.0,43.0,6.0,18,39.0,13.0,2,2,1,8,2,2,2,1,1
51.0,73.0,28.0,9.0,53,2.0,4.0,2,3,3,8,2,2,2,1,1
62.0,18.0,2.0,2.0,162,40.0,14.0,2,3,3,8,2,2,2,1,1
332.0,190.0,1.0,12.0,1,164.0,6.0,1,2,1,3,2,2,2,1,1
45.0,149.0,26.0,5.0,15,167.0,2.0,1,2,1,4,2,2,1,1,1
168.0,6.0,70.0,2.0,134,215.0,2.0,2,3,3,4,2,2,2,1,1
146.0,17.0,43.0,12.0,10,113.0,2.0,2,2,1,8,2,2,1,1,1
96.0,115.0,26.0,4.0,1,1.0,2.0,2,2,1,8,2,2,1,1,1
225.0,49.0,37.0,11.0,65,203.0,2.0,2,2,1,8,2,2,1,1,1
224.0,115.0,32.0,6.0,34,148.0,10.0,2,2,1,8,2,2,2,1,1
161.0,28.0,33.0,9.0,100,194.0,14.0,2,2,1,8,2,2,2,1,1
239.0,2.0,2.0,2.0,154,1.0,5.0,2,2,1,8,1,2,1,3,1
280.0,92.0,4.0,1.0,79,1.0,10.0,2,2,1,8,2,1,2,1,1
171.0,137.0,89.0,1.0,51,1.0,13.0,2,3,3,4,2,1,2,1,1
126.0,194.0,1.0,1.0,1,222.0,5.0,1,3,3,9,2,1,1,1,1
338.0,199.0,1.0,1.0,1,1.0,6.0,2,2,1,3,2,1,2,1,1
331.0,204.0,128.0,10.0,1,144.0,14.0,2,2,1,4,2,2,2,1,1
293.0,194.0,109.0,10.0,1,1.0,2.0,2,2,1,8,2,2,1,1,1
112.0,52.0,26.0,6.0,53,208.0,2.0,2,3,3,8,2,2,2,1,1
98.0,19.0,8.0,8.0,30,205.0,2.0,2,2,1,8,2,2,2,1,1
146.0,119.0,67.0,9.0,106,151.0,3.0,2,2,1,8,2,2,1,1,1
116.0,26.0,77.0,4.0,103,63.0,2.0,2,2,1,4,2,2,2,1,1
186.0,106.0,3.0,1.0,97,7.0,13.0,2,2,1,8,1,1,2,1,1
220.0,9.0,3.0,1.0,95,1.0,9.0,2,2,1,8,2,1,2,1,1
103.0,26.0,7.0,1.0,110,24.0,2.0,2,2,1,1,2,1,1,1,1
266.0,73.0,55.0,9.0,125,199.0,2.0,1,2,1,8,2,2,2,1,1
57.0,115.0,58.0,4.0,24,140.0,1.0,1,2,1,8,2,2,1,1,1
47.0,64.0,47.0,12.0,68,191.0,2.0,2,2,1,8,2,2,2,1,1
139.0,16.0,15.0,5.0,120,110.0,9.0,1,2,1,8,2,2,1,1,1
142.0,40.0,7.0,1.0,78,1.0,9.0,2,3,3,8,1,1,1,1,2
42.0,10.0,4.0,1.0,68,1.0,11.0,2,2,1,8,1,1,1,1,2
80.0,20.0,3.0,1.0,63,1.0,2.0,2,2,1,4,2,1,1,1,2
140.0,52.0,31.0,1.0,95,1.0,9.0,1,3,3,8,1,1,2,1,2
8.0,2.0,2.0,1.0,1,1.0,2.0,2,2,1,8,1,1,1,1,1
169.0,82.0,14.0,1.0,83,1.0,9.0,2,2,1,8,1,1,2,1,2
275.0,91.0,3.0,1.0,151,1.0,14.0,2,2,1,1,1,1,2,1,2
41.0,40.0,4.0,1.0,45,5.0,9.0,2,3,3,8,1,1,1,1,2
121.0,78.0,86.0,3.0,116,2.0,11.0,2,3,3,4,1,2,2,1,2
63.0,27.0,8.0,2.0,131,87.0,13.0,2,2,1,8,1,2,1,1,2
35.0,161.0,16.0,3.0,68,8.0,2.0,2,2,1,1,1,2,2,1,2
217.0,93.0,4.0,1.0,53,1.0,2.0,1,2,1,8,1,1,1,1,2
138.0,40.0,7.0,3.0,127,51.0,2.0,2,2,1,4,1,2,2,1,2
71.0,26.0,39.0,2.0,127,10.0,7.0,2,2,1,8,1,2,2,1,2
168.0,190.0,1.0,3.0,53,2.0,6.0,2,3,3,3,1,2,1,1,2
140.0,99.0,47.0,2.0,141,43.0,10.0,2,2,1,8,1,2,2,1,2
27.0,157.0,4.0,1.0,38,100.0,1.0,2,3,3,8,2,1,1,1,2
65.0,61.0,4.0,1.0,53,11.0,7.0,2,2,1,8,1,1,1,1,2
71.0,6.0,52.0,1.0,1,1.0,2.0,2,2,1,5,1,1,2,3,1
31.0,1.0,18.0,1.0,53,2.0,11.0,2,2,1,8,1,1,1,1,2
58.0,27.0,18.0,1.0,53,1.0,3.0,2,3,3,8,1,1,1,1,2
83.0,173.0,49.0,1.0,24,1.0,2.0,2,2,1,8,1,1,1,3,2
201.0,67.0,1.0,1.0,1,144.0,6.0,2,2,1,3,1,1,1,1,2
137.0,183.0,14.0,1.0,80,1.0,4.0,2,2,1,4,1,1,1,1,2
38.0,22.0,41.0,1.0,76,6.0,13.0,1,2,1,8,1,1,1,1,2
74.0,40.0,7.0,1.0,38,134.0,11.0,1,2,1,8,1,1,2,1,2
118.0,11.0,4.0,2.0,92,51.0,10.0,1,2,1,4,1,2,2,1,2
221.0,46.0,1.0,1.0,23,1.0,6.0,1,2,1,3,1,1,1,1,2
170.0,59.0,1.0,1.0,38,1.0,9.0,2,3,3,3,1,1,1,1,2
83.0,25.0,7.0,2.0,85,5.0,13.0,1,2,1,8,1,2,2,1,2
24.0,65.0,25.0,3.0,53,118.0,2.0,2,2,1,6,1,2,2,1,2
238.0,17.0,14.0,1.0,42,1.0,10.0,2,3,3,8,1,1,2,1,2
37.0,144.0,21.0,1.0,24,96.0,1.0,2,2,1,8,1,1,1,1,2
132.0,84.0,7.0,1.0,32,1.0,1.0,2,2,1,8,1,1,2,1,2
198.0,26.0,37.0,1.0,82,1.0,9.0,2,2,1,8,1,1,2,1,2
186.0,70.0,58.0,1.0,83,74.0,7.0,2,2,1,1,1,1,2,1,2
160.0,26.0,72.0,1.0,104,1.0,1.0,2,3,3,8,1,1,2,1,2
299.0,123.0,64.0,1.0,1,1.0,1.0,1,2,1,4,1,1,1,1,2
202.0,15.0,8.0,1.0,101,3.0,13.0,2,3,3,8,1,1,2,1,2
211.0,68.0,5.0,1.0,1,111.0,3.0,2,2,1,8,1,1,2,1,2
50.0,134.0,5.0,1.0,1,97.0,2.0,1,2,1,8,1,1,1,1,2
85.0,137.0,7.0,1.0,1,1.0,1.0,2,2,1,8,1,1,2,1,2
101.0,12.0,72.0,1.0,108,1.0,9.0,2,2,1,4,1,1,2,1,2
195.0,85.0,1.0,7.0,1,74.0,6.0,1,2,1,3,1,2,1,1,2
276.0,85.0,26.0,1.0,32,3.0,7.0,2,2,1,1,1,1,1,1,2
4.0,130.0,4.0,2.0,1,66.0,11.0,1,2,1,8,1,2,2,1,2
69.0,14.0,9.0,1.0,47,1.0,7.0,1,2,1,8,1,1,2,3,2
57.0,167.0,14.0,1.0,32,43.0,7.0,2,2,1,8,2,1,2,1,2
82.0,28.0,11.0,2.0,68,12.0,11.0,1,2,1,8,1,2,2,1,2
52.0,102.0,1.0,1.0,1,1.0,6.0,1,3,3,3,1,1,1,1,2
102.0,78.0,53.0,2.0,130,22.0,2.0,2,2,1,4,1,2,2,1,2
222.0,50.0,7.0,1.0,1,101.0,1.0,1,2,1,8,1,1,1,1,2
3.0,13.0,26.0,1.0,38,19.0,2.0,1,2,1,8,1,1,1,1,2
132.0,85.0,7.0,2.0,11,64.0,2.0,1,2,1,8,1,2,2,1,2
66.0,137.0,3.0,1.0,1,1.0,1.0,2,2,1,8,1,1,1,1,2
142.0,82.0,5.0,1.0,75,1.0,2.0,2,2,1,8,1,1,1,1,2
81.0,46.0,24.0,1.0,53,1.0,13.0,1,2,1,8,1,1,2,1,2
166.0,87.0,37.0,1.0,38,1.0,3.0,2,3,3,8,1,1,2,1,2
156.0,46.0,2.0,1.0,53,1.0,13.0,2,3,3,8,1,1,1,3,2
163.0,2.0,2.0,1.0,1,1.0,10.0,2,3,3,8,1,1,1,1,2
60.0,171.0,7.0,1.0,63,1.0,2.0,1,2,1,8,1,1,2,1,2
21.0,18.0,43.0,2.0,24,6.0,2.0,1,2,1,8,1,2,2,1,2
148.0,17.0,3.0,1.0,87,1.0,4.0,2,2,1,4,1,1,2,3,2
294.0,56.0,37.0,1.0,38,2.0,6.0,2,3,3,3,1,1,1,1,2
269.0,113.0,92.0,1.0,142,63.0,13.0,2,2,1,8,1,1,1,1,2
104.0,182.0,14.0,1.0,1,3.0,3.0,2,2,1,8,1,1,1,1,2
289.0,29.0,14.0,1.0,85,55.0,1.0,1,2,1,8,1,1,2,1,2
211.0,66.0,6.0,1.0,90,82.0,7.0,1,2,1,4,1,1,1,1,2
244.0,34.0,18.0,1.0,85,80.0,1.0,1,2,1,8,1,1,1,1,2
151.0,159.0,3.0,13.0,41,4.0,11.0,1,2,1,4,1,2,2,1,2
36.0,126.0,2.0,2.0,32,2.0,10.0,2,2,1,8,1,2,1,1,2
21.0,153.0,1.0,1.0,1,36.0,6.0,1,2,1,3,1,1,1,1,2
42.0,40.0,1.0,1.0,1,1.0,2.0,1,2,1,8,1,1,1,1,2
37.0,11.0,8.0,1.0,95,98.0,9.0,2,2,1,8,1,1,1,1,2
124.0,33.0,64.0,1.0,61,112.0,4.0,2,3,3,4,1,1,1,1,2
13.0,79.0,9.0,1.0,45,3.0,7.0,2,2,1,8,1,1,2,1,2
205.0,26.0,16.0,1.0,85,4.0,4.0,2,3,3,8,1,1,1,1,2
236.0,79.0,72.0,1.0,127,1.0,10.0,2,2,1,8,1,1,2,3,2
52.0,151.0,31.0,1.0,90,1.0,5.0,2,3,3,4,1,1,1,1,2
71.0,26.0,47.0,3.0,68,102.0,2.0,1,2,1,8,1,2,2,1,2
97.0,185.0,47.0,2.0,68,2.0,6.0,1,3,3,3,1,2,2,1,2
21.0,8.0,2.0,1.0,95,130.0,1.0,2,2,1,8,1,1,1,1,2
194.0,81.0,108.0,1.0,1,1.0,2.0,2,2,1,4,1,1,2,1,2
