DurationMonth,CreditAmount,Age,Residence,NumberPeopleLiable,ExistingCredits,InstallmentRate,SavingsAccount,PresentEmployment,StatusCheckingAccount,CreditHistory,Purpose,PersonalStatus,OtherDebtors,Property,OtherInstallment,Housing,Job,Telephone,ForeignWorker,Class
6,1169,67,4,1,2,4,1.0,5,1,5,5,3,1,1,3,2,3,2,1,1
48,5951,22,2,1,1,2,1.0,3,2,3,5,2,1,1,3,2,3,1,1,2
12,2096,49,3,2,1,2,1.0,4,4,5,8,3,1,1,3,2,2,1,1,1
42,7882,45,4,2,1,2,1.0,4,1,3,4,3,3,2,3,3,3,1,1,1
24,4870,53,4,2,2,3,1.0,3,1,4,1,3,1,4,3,3,3,1,1,2
36,9055,35,4,2,1,2,1.0,3,4,3,8,3,1,4,3,3,2,2,1,1
24,2835,53,4,1,1,3,3.0,5,4,3,4,3,1,2,3,2,3,1,1,1
36,6948,35,2,1,1,2,1.0,3,2,3,2,3,1,3,3,1,4,2,1,1
12,3059,61,4,1,1,2,4.0,4,4,3,5,1,1,1,3,2,2,1,1,1
30,5234,28,2,1,2,4,1.0,1,2,5,1,4,1,3,3,2,4,1,1,2
12,1295,25,1,1,1,3,1.0,2,2,3,1,2,1,3,3,1,3,1,1,2
48,4308,24,4,1,1,3,1.0,2,1,3,10,2,1,2,3,1,3,1,1,2
12,1567,22,1,1,1,1,1.0,3,2,3,5,2,1,3,3,2,3,2,1,1
24,1199,60,4,1,2,4,1.0,5,1,5,1,3,1,3,3,2,2,1,1,2
15,1403,28,4,1,1,2,1.0,3,1,3,1,2,1,3,3,1,3,1,1,1
24,1282,32,2,1,1,4,2.0,3,1,3,5,2,1,3,3,2,2,1,1,2
24,2424,53,4,1,2,4,1.0,5,4,5,5,3,1,2,3,2,3,1,1,1
30,8072,25,3,1,3,2,1.0,2,1,1,10,3,1,3,1,2,3,1,1,1
24,12579,44,2,1,1,4,1.0,5,2,3,2,2,1,4,3,3,4,2,1,2
24,3430,31,2,2,1,3,3.0,5,4,3,5,3,1,3,3,2,3,2,1,1
9,2134,48,4,1,3,4,1.0,3,4,5,1,3,1,3,3,2,3,2,1,1
6,2647,44,3,2,1,2,3.0,3,1,3,5,3,1,1,3,1,3,1,1,1
10,2241,48,3,2,2,1,1.0,2,1,5,1,3,1,1,3,1,2,1,2,1
12,1804,44,4,1,1,3,2.0,2,2,5,2,3,1,2,3,2,3,1,1,1
10,2069,26,1,1,2,2,1.0,3,4,5,4,4,1,3,3,2,3,1,2,1
6,1374,36,2,1,1,1,1.0,3,1,3,4,3,1,1,1,2,2,2,1,1
6,426,39,4,1,1,4,1.0,5,4,1,5,4,1,3,3,2,2,1,1,1
12,409,42,3,1,2,3,4.0,3,3,2,5,2,1,1,3,1,3,1,1,1
7,2415,34,2,1,1,3,1.0,3,2,3,5,3,3,1,3,2,3,1,1,1
60,6836,63,4,1,2,3,1.0,5,1,4,10,3,1,4,3,2,3,2,1,2
18,1913,36,3,1,1,3,4.0,2,2,3,10,4,1,1,1,2,3,2,1,1
24,4020,27,2,1,1,2,1.0,3,1,3,4,3,1,3,2,2,3,1,1,1
18,5866,30,2,1,2,2,2.0,3,2,3,1,3,1,3,3,2,3,2,1,1
12,1264,57,4,1,1,4,1.0,5,4,5,10,3,1,4,3,1,2,1,1,1
12,1474,33,1,1,1,4,1.0,2,3,3,4,2,1,2,1,2,4,2,1,1
45,4746,25,2,1,2,4,1.0,2,2,5,5,3,1,2,3,2,2,1,1,2
48,6110,31,3,1,1,1,1.0,3,4,5,8,3,1,4,1,3,3,2,1,1
18,2100,37,2,1,1,4,1.0,3,3,3,5,3,2,1,2,2,3,1,1,2
10,1225,37,2,1,1,2,1.0,3,3,3,6,3,1,3,3,2,3,2,1,1
9,458,24,3,1,1,4,1.0,3,2,3,5,3,1,1,3,2,3,1,1,1
30,2333,30,2,1,1,4,3.0,5,4,3,5,3,1,3,1,2,4,1,1,1
12,1158,26,1,1,1,3,3.0,3,2,3,5,1,1,3,3,2,3,2,1,1
18,6204,44,4,2,1,2,1.0,3,2,4,7,3,1,1,3,2,2,2,1,1
30,6187,24,4,1,2,1,2.0,4,1,5,2,4,1,3,3,1,3,1,1,1
48,6143,58,4,1,2,4,1.0,5,1,5,2,2,1,4,2,3,2,1,1,2
11,1393,35,4,1,2,4,1.0,2,4,5,1,2,1,3,3,2,4,1,1,1
36,2299,39,4,1,1,4,3.0,5,4,3,5,3,1,3,3,2,3,1,1,1
6,1352,23,2,1,1,1,3.0,1,1,3,2,2,1,2,3,1,1,2,1,1
11,7228,39,4,1,2,1,1.0,3,4,5,1,3,1,2,3,2,2,1,1,1
12,2073,28,2,1,1,4,2.0,3,4,3,5,2,2,1,3,2,3,1,1,1
24,2333,29,2,1,1,4,1.0,2,2,4,4,3,1,2,1,2,2,1,1,1
27,5965,30,2,1,2,1,1.0,5,2,4,2,3,1,3,3,2,4,2,1,1
12,1262,25,2,1,1,3,1.0,3,4,3,5,3,1,3,3,2,3,1,1,1
18,3378,31,1,1,1,2,1.0,3,4,3,2,3,1,2,3,2,3,2,1,1
36,2225,57,4,1,2,4,1.0,5,2,4,1,3,1,4,1,3,3,2,1,2
6,783,26,2,2,1,1,1.0,3,4,2,1,3,3,1,2,2,2,1,1,1
12,6468,52,1,1,1,2,1.0,1,2,3,5,3,1,4,3,2,4,2,1,2
36,9566,31,2,1,2,2,1.0,3,4,5,5,2,1,3,2,2,3,1,1,1
18,1961,23,2,1,1,3,1.0,5,3,3,1,2,1,3,3,2,4,1,1,1
36,6229,23,4,1,2,4,1.0,2,1,5,4,2,2,4,3,1,2,2,1,2
9,1391,27,1,1,1,2,1.0,3,2,3,10,4,1,1,1,2,3,2,1,1
15,1537,50,4,1,2,4,1.0,5,2,5,5,3,3,1,3,2,3,2,1,1
36,1953,61,4,1,1,4,1.0,5,2,1,10,3,1,4,3,3,4,2,1,2
48,14421,25,2,1,1,2,1.0,3,2,1,10,3,1,3,3,2,3,2,1,2
24,3181,26,4,1,1,4,1.0,2,4,3,5,2,1,2,3,2,3,2,1,1
27,5190,48,4,2,4,4,1.0,5,4,3,7,3,1,2,3,2,3,2,1,1
12,2171,29,2,1,1,2,1.0,2,4,3,5,2,1,3,1,2,3,1,1,1
12,1007,22,1,1,1,4,4.0,3,2,3,1,4,1,1,3,2,3,1,1,1
36,1819,37,4,1,1,4,1.0,3,4,3,8,3,1,4,2,3,3,2,1,2
36,2394,25,4,1,1,4,1.0,3,4,3,5,2,1,3,3,2,3,1,1,1
36,8133,30,2,1,1,1,1.0,3,4,3,2,2,1,2,1,2,3,1,1,1
7,730,46,2,1,2,4,1.0,5,4,5,5,3,1,2,3,1,2,2,1,1
8,1164,51,4,2,2,3,1.0,5,1,5,3,3,1,4,1,3,4,2,1,1
42,5954,41,1,1,2,2,1.0,4,2,5,10,2,1,1,1,2,2,1,1,1
36,1977,40,4,1,1,4,1.0,5,1,3,8,3,1,4,3,2,4,2,1,2
12,1526,66,4,1,2,4,1.0,5,1,5,2,3,1,4,3,3,4,1,1,1
42,3965,34,3,1,1,4,1.0,2,1,3,5,3,1,3,3,2,3,1,1,2
11,4771,51,4,1,1,2,1.0,4,2,4,5,3,1,2,3,2,3,1,1,1
54,9436,39,2,2,1,2,1.0,3,4,1,2,3,1,2,3,2,2,1,1,1
30,3832,22,1,1,1,2,1.0,2,2,3,4,4,1,2,3,2,3,1,1,1
24,5943,44,1,1,2,1,1.0,2,4,3,5,2,1,3,3,2,3,2,1,2
15,1213,47,3,1,1,4,3.0,5,4,3,5,3,1,2,2,2,3,2,1,1
18,1568,24,4,1,1,3,2.0,3,4,3,10,2,1,2,3,1,2,1,1,1
24,1755,58,4,1,1,4,1.0,5,1,3,3,2,3,1,3,2,2,2,1,1
10,2315,52,4,1,1,3,1.0,5,1,3,5,3,1,1,3,2,2,1,1,1
12,1412,29,2,1,2,4,1.0,3,4,5,10,2,3,1,3,2,4,2,1,1
18,1295,27,1,1,2,4,1.0,2,2,5,4,2,1,2,3,2,3,1,1,1
36,12612,47,4,2,1,1,2.0,3,2,3,8,3,1,4,3,3,3,2,1,2
18,2249,30,3,2,1,4,2.0,4,1,3,1,3,1,3,3,2,4,2,1,1
12,1108,28,3,1,2,4,1.0,4,1,1,7,3,1,1,3,2,3,1,1,2
12,618,56,4,1,1,4,1.0,5,4,5,5,3,1,1,3,2,3,1,1,1
12,1409,54,3,1,1,4,1.0,5,1,5,2,3,1,1,3,2,3,1,1,1
12,797,33,3,2,1,4,1.0,5,4,5,5,2,1,2,1,2,2,1,1,2
24,3617,20,4,1,2,4,1.0,5,3,5,4,3,2,4,3,1,3,1,1,1
12,1318,54,4,1,1,4,4.0,5,2,3,1,3,1,1,3,2,3,2,1,1
54,15945,58,4,1,1,3,1.0,2,2,1,10,3,1,4,3,1,3,2,1,2
12,2012,61,2,1,1,4,1.0,4,4,5,8,2,1,3,3,2,3,1,1,1
18,2622,34,4,1,1,4,2.0,3,2,3,10,3,1,3,3,2,3,1,1,1
36,2337,36,4,1,1,4,1.0,5,2,5,5,3,1,1,3,2,3,1,1,1
20,7057,36,4,2,2,3,1.0,4,2,4,2,3,1,2,1,1,4,2,1,1
24,1469,41,4,1,1,4,2.0,5,4,3,1,4,1,1,3,1,2,1,1,1
36,2323,24,4,1,1,4,1.0,4,2,3,5,3,1,3,3,1,3,1,1,1
6,932,24,2,1,1,3,1.0,3,4,4,5,2,1,1,3,2,3,1,1,1
9,1919,35,3,1,1,4,1.0,4,2,5,4,3,1,3,3,1,3,2,1,1
12,2445,26,4,1,1,2,1.0,2,4,3,2,4,1,3,3,1,3,2,1,1
24,11938,39,3,2,2,2,1.0,3,2,5,3,3,2,3,3,2,4,2,1,2
18,6458,39,4,2,2,2,1.0,5,4,2,1,3,1,4,1,2,4,2,1,2
12,6078,32,2,1,1,2,1.0,4,2,3,1,3,1,3,3,2,3,1,1,1
24,7721,30,2,1,1,1,1.0,2,1,3,4,2,1,2,3,2,3,2,2,1
14,1410,35,2,1,1,1,3.0,5,2,3,10,4,1,1,3,2,3,2,1,1
6,1449,31,2,2,2,1,2.0,5,2,4,10,1,1,3,1,2,3,1,1,1
15,392,23,4,1,1,4,1.0,2,3,3,8,2,1,2,3,1,3,2,1,1
18,6260,28,3,1,1,3,1.0,4,2,3,1,3,1,1,3,1,2,1,1,1
36,7855,25,2,1,2,4,1.0,3,4,5,1,2,1,1,2,2,3,2,1,2
12,1680,35,1,1,1,3,3.0,5,1,3,5,4,1,1,3,2,3,1,1,1
48,3578,47,1,1,1,4,1.0,5,4,5,5,3,1,1,3,2,3,2,1,1
42,7174,30,3,1,1,4,1.0,4,1,3,5,2,1,3,3,2,4,2,1,2
10,2132,27,3,1,2,2,1.0,2,1,5,4,2,2,1,3,1,3,1,2,1
33,4281,23,4,1,2,1,3.0,3,1,5,4,2,1,3,3,2,3,1,1,2
12,2366,36,3,1,1,3,3.0,4,2,5,1,1,1,3,3,2,4,2,1,1
21,1835,25,2,1,2,3,1.0,3,1,3,5,2,1,1,3,2,3,2,1,2
24,3868,41,2,1,2,4,1.0,5,4,5,2,2,1,3,3,1,4,2,1,1
12,1768,24,2,1,1,3,1.0,3,4,3,4,3,1,1,3,1,2,1,1,1
10,781,63,4,1,2,4,1.0,5,3,5,1,3,1,4,3,3,3,2,1,1
18,1924,27,3,1,1,4,1.0,2,2,3,4,2,1,1,3,1,3,1,1,2
12,2121,30,2,1,2,4,1.0,3,1,5,1,3,1,2,3,2,3,1,1,1
12,701,40,2,1,1,4,1.0,3,1,3,5,4,1,1,3,2,2,1,1,1
12,639,30,2,1,1,4,1.0,3,2,3,7,3,1,3,3,2,3,1,1,2
12,1860,34,2,1,2,4,1.0,1,2,5,2,3,1,3,3,2,4,2,1,1
12,3499,29,2,1,2,3,1.0,3,1,5,1,2,2,1,3,2,3,1,1,2
48,8487,24,2,1,1,1,1.0,4,2,3,1,2,1,3,3,2,3,1,1,1
36,6887,29,3,1,1,4,1.0,3,1,4,8,3,1,2,2,2,3,2,1,2
15,2708,27,3,1,2,2,1.0,2,4,3,4,3,1,2,1,2,2,1,1,1
18,1984,47,4,1,2,4,1.0,3,4,3,4,3,1,4,1,3,3,1,1,1
60,10144,21,4,1,1,2,2.0,4,4,3,5,2,1,1,3,2,3,2,1,1
12,1240,38,2,1,2,4,1.0,5,4,5,5,2,1,1,3,2,3,2,1,1
27,8613,27,2,1,2,2,4.0,3,4,4,2,3,1,3,3,2,3,1,1,1
12,766,66,3,1,1,4,3.0,3,2,3,5,3,1,1,3,2,2,1,1,2
15,2728,35,2,1,3,4,1.0,4,2,5,5,3,3,1,1,2,3,2,1,1
12,1881,44,2,1,1,2,1.0,3,3,3,5,2,1,3,3,1,2,2,1,1
6,709,27,2,1,1,2,4.0,2,3,3,1,4,1,1,3,2,1,1,2,1
36,4795,30,1,1,1,4,1.0,2,2,3,5,2,1,4,3,2,4,2,1,1
27,3416,27,2,1,1,3,1.0,3,1,3,5,3,1,3,3,2,4,1,1,1
18,2462,22,2,1,1,2,1.0,3,1,3,4,3,1,3,3,2,3,1,1,2
21,2288,23,4,1,1,4,1.0,2,4,5,4,2,1,2,3,2,3,2,1,1
48,3566,30,2,1,1,4,2.0,4,2,2,10,3,1,3,3,2,3,1,1,1
6,860,39,4,1,2,1,1.0,5,1,5,1,2,1,4,3,2,3,2,1,1
12,682,51,3,1,2,4,2.0,4,4,5,1,2,1,3,3,2,3,2,1,1
36,5371,28,2,1,2,3,1.0,3,1,5,4,3,3,2,3,2,3,1,1,1
18,1582,46,4,1,2,4,4.0,5,4,5,5,3,1,3,3,2,3,1,1,1
6,1346,42,4,2,1,2,2.0,5,4,3,5,3,1,4,1,3,3,2,1,1
10,1924,38,4,1,1,1,1.0,3,4,3,5,3,1,2,3,2,3,2,2,1
36,5848,24,1,1,1,4,1.0,3,3,3,5,3,1,3,3,2,3,1,1,1
24,7758,29,4,1,1,2,4.0,5,2,5,2,2,1,4,3,1,3,1,1,1
24,6967,36,4,1,1,4,2.0,4,2,4,10,3,1,3,3,1,4,2,1,1
12,1282,20,4,1,1,2,1.0,3,1,3,4,2,1,3,3,1,3,1,1,2
9,1288,48,4,2,2,3,2.0,5,1,5,7,3,3,1,3,2,3,1,2,1
12,339,45,1,1,1,4,1.0,5,1,2,9,4,1,3,1,2,2,1,1,1
24,3512,38,3,1,2,2,2.0,4,2,3,1,3,1,3,1,2,3,2,1,1
6,1898,34,2,2,2,1,1.0,3,4,5,5,3,1,1,3,2,2,1,1,1
24,2872,36,4,2,1,3,2.0,5,4,5,5,3,1,1,3,2,3,2,1,1
18,1055,30,1,1,2,4,1.0,2,4,5,1,2,1,2,3,2,3,1,1,1
15,1262,36,3,1,2,4,3.0,4,4,3,6,3,1,2,3,2,3,2,1,1
10,7308,70,4,1,1,2,1.0,1,2,3,1,3,1,4,1,3,4,2,1,1
36,909,36,4,1,1,4,3.0,5,4,3,1,3,1,2,3,2,3,1,1,1
6,2978,32,2,1,1,1,3.0,3,4,3,4,3,1,3,3,2,3,2,1,1
18,1131,33,2,1,1,4,1.0,1,1,3,4,2,1,3,3,2,3,1,1,2
11,1577,20,1,1,1,4,4.0,2,2,3,4,2,1,1,3,2,3,1,1,1
24,3972,25,4,1,1,2,1.0,4,4,3,4,2,1,2,3,1,3,2,1,1
24,1935,31,4,1,2,4,1.0,5,2,5,10,1,1,1,3,2,3,2,1,2
15,950,33,3,2,2,4,1.0,5,1,1,1,3,1,3,3,1,3,1,1,2
12,763,26,1,1,1,4,1.0,3,4,3,4,2,1,1,3,2,3,2,1,1
24,2064,34,2,1,1,3,1.0,1,2,4,4,2,1,2,3,2,4,2,1,2
8,1414,33,2,1,1,4,1.0,3,2,3,5,3,3,1,3,2,3,1,2,1
21,3414,26,1,1,2,2,1.0,2,1,4,8,3,1,2,3,2,3,1,1,2
30,7485,53,1,1,1,4,1.0,1,4,2,2,2,1,1,1,2,4,2,1,2
12,2577,42,1,1,1,2,1.0,3,1,3,4,1,1,3,3,2,3,1,1,1
6,338,52,4,1,2,4,3.0,5,1,5,5,3,1,3,3,2,3,1,1,1
12,1963,31,2,2,2,4,1.0,4,4,3,5,3,1,3,3,1,4,2,1,1
21,571,65,4,1,2,4,1.0,5,1,5,1,3,1,1,3,2,3,1,1,1
36,9572,28,1,1,2,1,1.0,2,4,4,10,1,1,3,3,2,3,1,1,2
36,4455,30,2,1,2,2,1.0,3,2,4,10,1,1,1,2,2,4,2,1,2
21,1647,40,2,2,2,4,1.0,3,1,2,1,3,1,2,3,2,2,1,1,2
24,3777,50,4,1,1,4,4.0,3,4,5,4,3,1,1,3,2,3,2,1,1
18,884,36,4,2,1,4,1.0,5,2,5,1,3,1,3,1,2,3,2,1,2
15,1360,31,2,1,2,4,1.0,3,4,5,5,3,1,2,3,2,3,1,1,1
9,5129,74,4,2,1,2,1.0,5,2,2,2,2,1,4,1,3,4,2,1,2
16,1175,68,3,1,3,2,1.0,1,2,5,1,3,1,3,3,3,1,2,1,1
12,674,20,1,1,1,4,2.0,4,1,3,5,4,1,2,3,2,3,1,1,2
18,3244,33,4,1,2,1,1.0,3,2,1,4,2,1,3,1,2,3,2,1,1
24,4591,54,3,1,3,2,4.0,3,4,3,10,3,1,2,3,2,4,2,1,2
48,3844,34,4,2,1,4,2.0,4,2,1,10,3,1,4,3,3,2,1,1,2
27,3915,36,2,2,1,4,1.0,3,2,3,10,3,1,3,3,2,3,2,1,2
6,2108,29,2,1,1,2,1.0,4,4,3,5,4,1,1,3,1,3,1,1,1
45,3031,21,4,1,1,4,2.0,3,2,3,5,3,3,2,3,1,3,1,1,2
9,1501,34,3,1,2,2,1.0,5,2,5,8,2,1,3,3,2,4,2,1,2
6,1382,28,1,1,2,1,1.0,3,4,5,5,2,1,3,3,2,3,2,1,1
12,951,27,4,1,4,4,2.0,2,2,3,4,2,1,3,1,1,3,1,1,2
24,2760,36,4,1,1,4,1.0,5,2,3,2,3,1,4,1,3,3,2,1,1
18,4297,40,3,1,1,4,1.0,5,2,4,4,1,1,4,3,2,4,2,1,2
9,936,52,2,1,2,4,3.0,5,4,5,8,3,1,3,3,2,3,2,1,1
12,1168,27,3,1,1,4,1.0,3,1,3,1,4,1,1,3,2,2,1,1,1
27,5117,26,4,1,2,3,1.0,4,4,4,10,3,1,3,3,2,3,1,1,1
12,902,21,4,1,1,4,1.0,4,1,3,9,4,1,2,3,1,3,1,1,2
12,1495,38,1,2,2,4,1.0,5,4,5,1,3,1,1,3,2,2,1,1,1
30,10623,38,4,2,3,3,1.0,5,1,5,2,3,1,4,3,3,4,2,1,1
12,1935,43,4,1,3,4,1.0,5,4,5,4,3,1,1,3,2,3,2,1,1
12,1424,26,3,1,1,4,1.0,4,2,5,6,3,1,2,3,2,3,1,1,1
24,6568,21,2,1,1,2,1.0,3,1,3,10,4,1,3,2,2,2,1,1,1
12,1413,55,2,1,1,3,4.0,4,4,3,2,3,1,2,3,2,3,1,2,1
9,3074,33,2,2,2,1,1.0,3,4,5,5,3,1,1,3,2,3,1,1,1
36,3835,45,4,1,1,2,1.0,5,4,3,5,2,1,1,3,2,2,2,1,1
27,5293,50,4,1,2,2,1.0,1,1,1,10,3,1,2,2,2,3,2,1,2
30,1908,66,4,1,1,4,1.0,5,3,4,10,3,1,1,3,2,4,2,1,2
36,3342,51,2,1,1,4,1.0,5,4,5,5,3,1,3,3,2,3,2,1,1
6,932,39,3,1,2,1,1.0,4,2,5,9,2,1,2,3,2,2,1,1,1
18,3104,31,1,1,1,3,1.0,4,1,1,10,3,1,2,1,2,3,2,1,1
36,3913,23,2,1,1,2,1.0,3,3,3,5,3,1,1,3,2,3,2,1,1
24,3021,24,2,1,1,2,1.0,3,1,3,4,1,1,1,3,1,2,1,1,1
10,1364,64,4,1,1,2,1.0,3,4,3,1,2,1,3,3,2,3,2,1,1
12,625,26,1,1,1,4,1.0,2,2,3,5,4,3,1,1,2,2,1,1,1
12,1200,23,4,1,1,4,1.0,3,1,3,8,2,1,2,1,1,3,2,1,1
12,707,30,2,1,2,4,1.0,3,4,3,5,3,1,1,1,2,3,1,1,1
24,2978,32,4,2,2,4,1.0,3,4,4,10,3,1,1,3,2,3,2,1,1
15,4657,30,2,1,1,3,1.0,3,4,3,2,3,1,3,3,2,3,2,1,1
36,2613,27,2,1,2,4,1.0,3,4,1,7,3,1,3,3,2,3,1,1,1
48,10961,27,2,1,2,1,4.0,4,2,3,5,3,2,4,1,2,3,2,1,2
12,7865,53,4,1,1,4,1.0,5,1,3,4,3,1,4,3,3,4,2,1,2
9,1478,22,2,1,1,4,1.0,4,4,3,5,3,1,3,3,2,3,1,1,2
24,3149,22,1,1,1,4,1.0,2,1,3,4,3,1,4,1,3,3,1,1,1
36,4210,26,2,1,1,4,1.0,3,3,3,5,3,1,3,3,2,3,1,1,2
9,2507,51,4,1,1,2,3.0,5,4,3,1,3,1,4,3,3,2,1,1,1
12,2141,35,1,1,1,3,2.0,4,4,3,5,3,1,4,3,2,3,1,1,1
18,866,25,2,1,1,4,1.0,3,2,3,5,4,3,1,3,2,2,1,1,1
4,1544,42,1,2,3,2,1.0,4,4,5,5,3,1,1,3,2,2,1,1,1
24,1823,30,2,2,1,4,1.0,1,1,3,5,3,1,3,2,2,4,1,1,2
6,14555,23,2,1,1,1,1.0,1,2,3,1,3,1,2,3,2,1,2,1,2
21,2767,61,2,1,2,4,2.0,5,2,3,10,1,1,3,1,1,2,1,1,2
12,1291,35,2,1,2,4,1.0,3,4,5,5,2,1,2,3,2,3,1,1,1
30,2522,39,3,2,1,1,1.0,5,1,3,5,3,3,2,3,2,3,1,1,1
24,915,29,2,1,1,4,1.0,5,1,3,1,2,1,3,1,2,3,1,1,2
6,1595,51,2,2,1,3,1.0,4,4,3,5,3,1,2,3,2,3,1,1,1
48,4605,24,4,2,2,3,1.0,5,1,1,2,3,1,4,3,3,3,1,1,2
12,1185,27,2,1,2,3,1.0,3,4,5,10,2,1,1,3,2,3,1,1,1
12,3447,35,3,2,1,4,3.0,3,4,2,9,2,1,1,3,2,2,1,1,1
24,1258,25,1,1,1,4,1.0,4,4,3,10,3,1,1,3,2,3,2,1,1
12,717,52,4,1,3,4,1.0,5,4,5,5,3,1,1,3,2,3,1,1,1
6,1204,35,1,1,1,4,2.0,3,4,1,1,3,1,4,1,1,3,1,2,1
24,1925,26,2,1,1,2,1.0,3,3,3,4,3,1,1,3,2,3,1,1,1
18,433,22,4,1,1,3,1.0,1,4,3,5,2,2,1,3,1,3,1,1,2
6,666,39,4,1,2,3,4.0,4,1,5,1,2,1,1,3,2,2,2,1,1
12,2251,46,2,1,1,1,1.0,3,3,3,4,2,1,3,3,2,2,1,1,1
30,2150,24,2,1,1,4,1.0,3,2,3,1,2,3,4,1,2,3,1,1,2
24,4151,35,3,1,2,2,2.0,3,4,4,4,3,1,2,3,2,3,1,1,1
9,2030,24,1,1,1,2,1.0,4,2,3,4,3,1,3,3,2,3,2,1,1
60,7418,27,1,1,1,1,1.0,3,2,4,5,3,1,1,3,2,2,1,1,1
24,2684,35,2,1,2,4,1.0,3,4,5,5,3,1,1,3,2,2,1,1,1
12,2149,29,1,1,1,4,1.0,3,1,2,5,1,1,4,3,3,3,1,1,2
15,3812,23,4,1,1,1,2.0,2,4,3,2,2,1,3,3,2,3,2,1,1
11,1154,57,4,1,3,4,2.0,1,4,5,5,2,1,1,3,2,2,1,1,1
12,1657,27,2,1,1,2,1.0,3,1,3,4,3,1,1,3,2,3,1,1,1
24,1603,55,4,1,1,4,1.0,5,1,3,5,2,1,3,3,2,3,1,1,1
18,5302,36,4,1,3,2,1.0,5,1,5,1,3,1,4,3,3,4,2,1,1
12,2748,57,4,1,3,2,1.0,5,4,5,8,2,1,4,1,3,2,1,1,1
10,1231,32,4,2,2,3,1.0,5,4,5,1,3,1,1,3,2,2,1,2,1
15,802,37,3,2,1,4,1.0,5,2,3,5,3,1,3,3,2,3,1,1,2
36,6304,36,4,1,2,4,1.0,5,4,5,10,3,1,1,3,2,3,1,1,1
24,1533,38,3,1,1,4,1.0,2,4,3,5,2,1,3,2,2,3,2,1,1
14,8978,45,4,1,1,1,1.0,5,1,3,1,1,1,2,3,2,4,2,2,2
24,999,25,2,1,2,4,1.0,5,4,3,5,3,1,3,3,2,3,1,1,1
18,2662,32,3,1,1,4,1.0,4,4,3,1,3,1,2,3,2,3,1,2,1
12,1402,37,4,1,1,3,3.0,4,4,5,4,2,1,3,3,1,3,2,1,1
48,12169,36,4,1,1,4,1.0,1,2,2,1,3,2,4,3,3,4,2,1,1
48,3060,28,4,1,2,4,1.0,4,2,3,5,3,1,1,3,2,3,1,1,2
30,11998,34,1,1,1,1,1.0,2,1,3,7,1,1,4,3,2,2,2,1,2
9,2697,32,2,2,1,1,1.0,3,4,3,5,3,1,1,3,2,3,1,1,1
18,2404,26,2,1,2,2,1.0,3,4,5,5,2,1,3,3,2,3,1,1,1
12,1262,49,4,1,1,2,1.0,5,1,3,4,1,1,2,3,2,2,2,1,1
6,4611,32,4,1,1,1,1.0,2,4,3,4,2,1,2,3,2,3,1,1,2
24,1901,29,4,1,1,4,2.0,3,4,3,5,3,1,3,3,1,4,2,1,1
15,3368,23,4,1,2,3,4.0,5,4,5,2,3,1,4,3,1,3,2,1,1
12,1574,50,2,1,1,4,1.0,3,4,3,4,3,1,1,3,2,3,1,1,1
18,1445,49,4,1,1,4,1.0,4,3,2,5,3,1,3,1,2,2,1,1,1
15,1520,63,4,1,1,4,1.0,5,4,5,4,3,1,2,3,2,3,1,1,1
24,3878,37,2,1,1,4,2.0,2,2,5,1,1,1,3,3,2,3,2,1,1
47,10722,35,1,1,1,1,1.0,2,1,3,1,2,1,1,3,2,2,2,1,1
48,4788,26,3,2,1,4,1.0,4,1,3,2,3,1,2,3,2,3,1,1,1
48,7582,31,4,1,1,2,2.0,1,2,4,3,3,1,4,3,3,4,2,1,1
12,1092,49,4,1,2,4,1.0,3,2,3,5,2,3,1,3,2,3,2,1,1
24,1024,48,4,1,1,4,1.0,2,1,4,5,4,1,1,2,2,3,1,1,2
12,1076,26,2,1,1,2,1.0,3,4,3,10,4,1,1,3,2,3,2,2,1
36,9398,28,4,1,1,1,1.0,2,2,3,2,4,1,3,3,1,4,2,1,2
24,6419,44,4,2,2,2,1.0,5,1,5,2,2,1,4,3,3,4,2,1,1
42,4796,56,4,1,1,4,1.0,5,3,5,2,3,1,4,3,3,3,1,1,1
48,7629,46,2,2,2,4,1.0,5,4,5,10,1,1,3,1,2,4,1,1,1
48,9960,26,2,1,1,1,1.0,2,2,3,4,2,1,3,3,2,3,2,1,2
12,4675,20,4,1,1,1,1.0,2,4,3,2,2,1,3,3,1,3,1,1,1
10,1287,45,2,1,1,4,1.0,5,4,3,1,3,2,2,3,2,2,1,2,1
18,2515,43,4,1,1,3,1.0,3,4,3,4,3,1,1,3,2,3,2,1,1
21,2745,32,2,1,2,3,4.0,4,2,5,4,3,1,3,3,2,3,2,1,1
6,672,54,4,1,1,1,1.0,1,4,3,1,2,1,1,3,2,1,2,1,1
36,3804,42,1,1,1,4,1.0,3,2,1,5,2,1,3,3,2,3,2,1,2
24,1344,37,2,2,2,4,1.0,4,3,5,1,3,1,1,1,2,2,1,1,2
10,1038,49,3,1,2,4,1.0,4,1,5,1,3,2,2,3,2,3,2,1,1
48,10127,44,2,1,1,2,3.0,3,4,5,1,3,1,4,1,3,3,1,1,2
6,1543,33,2,1,1,4,4.0,3,4,3,4,1,1,1,3,2,3,1,1,1
30,4811,24,4,1,1,2,1.0,4,4,3,2,2,1,2,2,1,2,1,1,1
12,727,33,3,1,1,4,2.0,2,1,3,5,4,1,4,3,2,2,2,1,2
8,1237,24,4,1,1,3,1.0,3,2,3,4,2,1,1,3,2,3,1,1,2
9,276,22,4,1,1,4,1.0,3,2,3,1,4,1,1,3,1,2,1,1,1
48,5381,40,4,1,1,3,1.0,1,2,3,3,3,1,4,1,3,1,2,1,1
24,5511,25,1,1,1,4,2.0,3,4,3,4,3,1,3,2,2,3,1,1,1
24,3749,26,4,1,1,2,1.0,2,3,3,4,2,1,3,3,2,3,1,1,1
12,685,25,3,1,1,2,1.0,4,2,3,1,4,1,3,1,2,2,1,1,2
4,1494,29,2,2,1,1,1.0,2,3,3,1,3,1,1,3,2,2,1,2,1
36,2746,31,4,1,1,4,1.0,5,1,2,4,3,1,3,1,2,3,1,1,2
12,708,38,3,2,1,2,1.0,3,1,3,4,3,3,2,3,2,2,1,1,1
24,4351,48,4,1,1,1,1.0,3,2,3,4,2,1,2,3,2,2,2,1,1
12,701,32,2,1,2,4,1.0,3,4,5,8,3,1,3,3,2,3,1,1,1
15,3643,27,4,1,2,1,1.0,5,1,4,4,2,1,2,3,2,2,1,1,1
30,4249,28,2,1,2,4,1.0,1,2,5,1,4,1,3,3,2,4,1,1,2
24,1938,32,3,1,1,4,1.0,2,1,3,5,1,1,2,3,2,3,1,1,2
24,2910,34,1,1,1,2,1.0,4,1,3,2,3,1,4,3,3,4,2,1,1
18,2659,28,2,1,1,4,4.0,3,1,3,4,3,1,3,3,2,3,1,1,1
18,1028,36,3,1,2,4,1.0,3,4,5,1,2,1,1,3,2,3,1,1,1
8,3398,39,4,1,2,1,1.0,4,1,5,1,3,1,1,3,2,2,1,2,1
12,5801,49,4,1,1,2,1.0,5,4,5,4,3,1,2,3,1,3,2,1,1
24,1525,34,3,2,1,4,4.0,4,4,3,1,2,1,3,3,2,3,2,1,1
36,4473,31,2,1,1,4,1.0,5,3,3,5,3,1,3,3,2,3,1,1,1
6,1068,28,4,2,1,4,1.0,5,2,3,5,3,1,3,3,2,3,1,1,1
24,6615,75,4,1,2,2,1.0,1,1,5,2,3,1,4,3,3,4,2,1,1
18,1864,30,2,1,2,4,2.0,3,4,5,8,2,1,1,3,2,3,1,1,2
60,7408,24,2,1,1,4,2.0,2,2,3,1,2,1,2,3,2,4,1,1,2
48,11590,24,4,1,2,2,2.0,3,4,5,2,2,1,3,1,1,2,1,1,2
24,4110,23,4,2,2,3,1.0,5,1,1,4,3,1,4,1,1,3,1,1,2
6,3384,44,4,1,1,1,1.0,3,1,5,4,1,1,1,3,1,4,2,1,2
13,2101,23,4,1,1,2,1.0,2,2,3,5,2,3,2,3,2,2,1,1,1
15,1275,24,2,1,1,4,1.0,3,1,3,6,2,1,3,3,1,3,1,1,2
24,4169,28,4,1,1,4,1.0,3,1,3,4,3,1,2,3,2,3,1,1,1
10,1521,31,2,1,1,4,1.0,3,2,3,4,1,1,3,3,2,2,1,1,1
24,5743,24,4,1,2,2,1.0,2,2,5,8,2,1,4,3,3,3,2,1,1
21,3599,26,4,1,1,1,1.0,4,1,3,4,2,1,3,3,1,2,1,1,1
18,3213,25,3,1,1,1,3.0,2,2,3,5,4,1,1,3,1,3,1,1,1
18,4439,33,1,1,1,1,1.0,5,2,3,10,3,2,1,1,2,4,2,1,1
10,3949,37,1,2,1,1,1.0,2,3,3,1,3,3,2,3,2,2,1,1,1
15,1459,43,2,1,1,4,1.0,3,4,5,5,2,1,3,3,2,2,1,1,1
13,882,23,4,1,2,4,1.0,2,2,5,5,3,3,1,3,2,3,1,1,1
24,3758,23,4,1,1,1,3.0,1,2,3,5,2,1,4,3,1,1,1,1,1
6,1743,34,2,1,2,1,2.0,3,4,4,10,3,1,1,3,2,2,1,1,1
9,1136,32,3,2,2,4,4.0,5,2,5,8,3,1,4,3,3,3,1,1,2
9,1236,23,4,1,1,1,1.0,2,4,3,6,2,1,1,3,1,3,2,1,1
9,959,29,2,1,1,1,1.0,3,2,3,4,2,1,3,3,2,3,1,2,2
18,3229,38,4,1,1,2,1.0,1,4,5,2,3,1,4,3,2,4,2,1,1
12,6199,28,2,1,2,4,1.0,3,1,1,5,3,1,2,3,1,3,2,1,2
10,727,46,4,1,1,4,3.0,5,4,3,8,3,1,4,3,3,3,2,1,1
24,1246,23,2,1,1,4,1.0,2,2,3,1,3,1,1,2,2,2,1,1,2
12,2331,49,4,1,1,1,1.0,5,4,5,5,3,2,1,3,2,3,2,1,1
36,4463,26,2,1,2,4,1.0,3,4,4,5,3,1,3,3,2,4,2,1,2
12,776,28,2,1,1,4,1.0,3,4,3,5,4,1,1,3,2,3,1,1,1
30,2406,23,4,1,1,4,1.0,4,1,3,4,2,1,1,3,1,3,1,1,2
18,1239,61,4,1,1,4,1.0,3,2,3,8,3,1,4,3,3,3,1,1,1
12,3399,37,3,1,1,2,1.0,5,3,3,5,3,1,3,3,2,4,1,1,1
12,2247,36,2,1,2,2,1.0,3,3,4,1,2,1,3,2,2,3,2,1,1
6,1766,21,2,1,1,1,1.0,3,4,3,4,4,1,2,3,1,3,1,1,1
18,2473,25,1,1,1,4,1.0,1,1,3,4,3,1,3,3,2,1,1,1,2
12,1542,36,4,1,1,2,1.0,4,4,3,10,3,1,3,3,2,3,2,1,1
18,3850,27,1,1,2,3,1.0,4,4,5,2,3,1,3,3,2,3,1,1,1
18,3650,22,4,1,1,1,1.0,2,1,3,4,2,1,3,3,1,3,1,1,1
36,3446,42,2,2,1,4,1.0,5,1,3,4,3,1,3,3,2,3,1,1,2
18,3001,40,4,1,1,2,1.0,4,2,3,4,2,1,1,3,1,3,1,1,1
36,3079,36,4,1,1,4,1.0,3,4,3,1,3,1,1,3,2,3,1,1,1
18,6070,33,4,1,2,3,1.0,5,4,5,5,3,1,3,3,2,3,2,1,1
10,2146,23,3,1,2,1,1.0,2,4,5,4,2,1,1,3,1,3,1,1,1
60,13756,63,4,1,1,2,1.0,5,4,5,1,3,1,4,1,3,4,2,1,1
60,14782,60,4,1,2,3,2.0,5,2,2,3,2,1,4,1,3,4,2,1,2
48,7685,37,4,1,1,2,1.0,4,1,2,10,2,3,3,3,1,3,1,1,2
18,2320,34,3,1,2,2,1.0,1,4,4,5,4,1,1,3,2,3,1,1,1
7,846,36,4,1,1,3,1.0,5,4,4,5,3,1,4,3,3,3,1,1,1
36,14318,57,2,1,1,4,1.0,5,2,3,1,3,1,4,3,3,4,2,1,2
6,362,52,4,1,2,4,2.0,3,4,5,1,2,1,3,3,2,2,1,1,1
20,2212,39,4,1,1,4,1.0,4,1,3,4,3,1,3,3,2,3,2,1,1
18,12976,38,4,1,1,3,1.0,1,2,3,2,2,1,4,3,3,4,2,1,2
22,1283,25,4,1,1,4,1.0,4,4,3,1,2,1,2,3,1,3,1,1,1
12,1330,26,1,1,1,4,1.0,2,3,3,1,3,1,1,3,2,3,1,1,1
30,4272,26,2,1,2,2,2.0,3,4,4,10,3,1,2,3,2,2,1,1,1
18,2238,25,1,1,2,2,1.0,3,4,5,5,2,1,3,3,2,3,1,1,1
18,1126,21,2,1,1,4,1.0,2,4,3,5,2,1,1,3,1,3,2,1,1
18,7374,40,4,1,2,4,1.0,1,2,5,4,3,1,2,2,2,4,2,1,1
15,2326,27,4,1,1,2,3.0,3,2,5,10,3,1,3,1,2,3,1,1,1
9,1449,27,2,1,2,3,1.0,4,4,3,10,2,1,3,3,2,3,1,1,1
18,1820,30,2,1,1,2,1.0,3,4,3,1,4,1,2,3,2,4,2,1,1
12,983,19,4,1,1,1,4.0,2,2,3,4,2,1,1,3,1,2,1,1,1
36,3249,39,4,2,1,2,1.0,4,1,3,1,3,1,4,1,3,4,2,1,1
6,1957,31,4,1,1,1,1.0,4,1,5,5,2,1,3,3,2,3,1,1,1
9,2406,31,3,1,1,2,1.0,1,4,5,4,3,1,3,3,2,4,1,1,1
39,11760,32,3,1,1,2,2.0,4,2,4,8,3,1,4,3,1,3,2,1,1
12,2578,55,4,1,1,3,1.0,1,1,3,4,2,1,4,3,3,4,1,1,1
36,2348,46,2,1,2,3,1.0,3,1,5,4,4,1,2,3,2,3,2,1,1
12,1223,46,1,1,2,1,1.0,5,2,3,1,1,1,1,3,1,3,1,1,2
24,1516,43,1,1,2,4,4.0,3,4,5,5,2,1,1,3,2,2,1,1,1
18,1473,39,4,1,1,3,1.0,2,4,3,5,4,1,1,3,2,3,2,1,1
18,1887,28,4,1,2,4,1.0,3,2,5,10,4,1,1,1,2,3,1,1,1
24,8648,27,2,1,2,2,1.0,2,4,4,10,3,1,3,1,2,3,2,1,2
14,802,27,2,1,2,4,1.0,3,4,4,1,3,1,3,3,2,2,1,1,1
18,2899,43,4,2,1,4,1.0,5,2,4,1,3,1,3,3,2,3,1,1,1
24,2039,22,1,1,1,1,1.0,2,2,3,5,4,1,2,3,2,3,2,1,2
24,2197,43,4,2,2,4,1.0,4,4,5,2,3,1,3,3,2,3,2,1,1
15,1053,27,2,1,1,4,1.0,2,1,3,5,4,1,1,3,2,3,1,2,1
24,3235,26,2,1,1,3,3.0,5,4,3,5,1,1,3,3,2,4,2,1,1
12,939,28,2,1,3,4,3.0,4,3,5,1,4,1,1,3,2,3,2,1,2
24,1967,20,4,1,1,4,1.0,5,2,3,5,2,1,3,3,2,3,2,1,1
33,7253,35,2,1,2,3,1.0,4,4,5,2,3,1,3,3,2,4,2,1,1
12,2292,42,2,1,2,4,1.0,1,4,5,10,3,1,3,2,2,4,2,1,2
10,1597,40,2,2,1,3,3.0,3,4,3,1,3,1,4,3,1,2,1,2,1
24,1381,35,2,1,1,4,1.0,3,1,3,1,2,1,2,3,2,3,1,1,2
36,5842,35,2,2,2,2,1.0,5,4,5,2,3,1,2,3,2,3,2,1,1
12,2579,33,1,2,1,4,1.0,2,1,3,1,3,1,1,3,2,2,1,1,2
18,8471,23,2,1,2,1,1.0,3,1,4,8,2,1,3,3,1,3,2,1,1
21,2782,31,2,1,1,1,3.0,4,4,3,1,2,1,3,1,2,4,1,1,1
18,1042,33,2,1,1,4,1.0,3,2,3,1,2,1,2,3,2,3,1,1,2
15,3186,20,3,1,1,2,4.0,4,4,3,1,2,1,3,3,1,3,1,1,1
12,2028,30,2,1,1,4,1.0,3,2,3,2,3,1,3,3,2,3,1,1,1
12,958,47,3,2,2,2,1.0,4,2,5,1,3,1,1,3,2,2,1,1,1
21,1591,34,3,1,2,4,2.0,4,4,4,4,3,1,1,3,2,4,1,1,1
12,2762,25,2,1,1,1,1.0,5,2,3,4,2,1,2,1,2,3,2,1,2
18,2779,21,3,1,1,1,1.0,3,2,3,2,4,1,3,3,1,3,2,1,1
28,2743,29,2,1,2,4,1.0,5,4,5,5,3,1,3,3,2,3,1,1,1
18,1149,46,3,1,2,4,4.0,3,4,5,5,3,1,1,3,2,3,1,1,1
9,1313,20,4,1,1,1,1.0,5,4,3,4,3,1,3,3,2,3,1,1,1
18,1190,55,4,2,3,2,1.0,1,1,5,7,2,1,4,3,3,1,1,1,2
5,3448,74,4,1,1,1,1.0,4,4,3,10,3,1,1,3,2,2,1,1,1
24,11328,29,3,1,2,2,1.0,3,2,3,3,3,2,3,1,2,4,2,1,2
6,1872,36,4,1,3,4,1.0,1,1,5,4,3,1,4,3,3,4,2,1,1
24,2058,33,2,1,2,4,1.0,3,4,5,7,1,1,1,3,2,3,2,1,1
9,2136,25,2,1,1,3,1.0,3,1,3,4,3,1,1,3,2,3,1,1,1
12,1484,25,1,1,1,2,1.0,3,2,3,5,4,1,1,3,2,3,2,1,2
6,660,23,4,1,1,2,3.0,4,4,3,7,4,1,1,3,1,2,1,1,1
24,1287,37,4,1,2,4,4.0,5,4,5,1,2,1,1,3,2,3,2,1,1
42,3394,65,4,1,2,4,1.0,1,1,5,7,3,2,3,3,2,1,1,1,1
12,609,26,1,1,1,4,1.0,2,3,2,10,2,1,1,3,2,1,1,1,2
12,1884,39,4,1,1,4,1.0,5,4,3,1,3,1,3,3,2,4,2,1,1
12,1620,30,3,1,1,2,1.0,3,1,3,4,2,2,2,3,2,3,1,1,1
20,2629,29,3,1,2,2,1.0,3,2,4,3,3,1,3,1,2,3,2,1,1
12,719,41,4,2,1,4,1.0,5,4,3,8,3,1,3,1,2,2,1,1,2
48,5096,30,3,1,1,2,1.0,3,2,5,4,2,1,3,3,2,4,2,1,2
9,1244,41,4,1,2,4,1.0,5,4,5,8,2,1,2,3,1,2,1,1,1
36,1842,34,4,1,1,4,1.0,2,1,3,1,2,1,3,3,2,3,2,1,2
7,2576,35,2,1,1,2,1.0,3,2,3,5,3,3,1,3,2,3,1,1,1
12,1424,55,4,1,1,3,1.0,5,3,3,4,2,1,1,3,2,4,2,1,1
15,1512,61,3,1,2,3,4.0,3,2,4,7,4,1,2,2,2,3,1,1,2
36,11054,30,2,1,1,4,1.0,3,4,5,2,3,1,3,3,2,4,2,1,1
6,518,29,1,1,1,3,1.0,3,4,3,5,2,1,1,3,2,3,1,1,1
12,2759,34,4,1,2,2,1.0,5,4,1,4,3,1,2,3,2,3,1,1,1
24,2670,35,4,1,1,4,1.0,5,4,3,2,3,1,3,3,2,4,2,1,1
24,4817,31,3,1,1,2,1.0,4,1,3,1,3,2,2,3,2,3,2,1,2
24,2679,29,1,1,1,4,1.0,2,4,3,2,2,1,4,3,2,4,2,1,1
11,3905,36,2,2,2,2,1.0,3,1,5,1,3,1,1,3,1,3,1,1,1
12,3386,35,4,1,1,3,1.0,5,1,3,2,3,1,4,3,3,3,2,1,2
6,343,27,1,1,1,4,1.0,2,1,3,6,2,1,1,3,2,3,1,1,1
18,4594,32,2,1,1,3,1.0,2,4,3,5,3,1,3,3,2,3,2,1,1
36,3620,37,2,2,1,1,1.0,3,1,3,4,3,3,2,3,2,3,1,1,1
15,1721,36,3,1,1,2,1.0,2,1,3,1,3,1,1,3,2,3,1,1,1
12,3017,34,1,1,1,3,1.0,2,2,3,4,2,1,1,3,1,4,1,1,1
12,754,38,4,1,2,4,1.0,5,2,3,9,3,1,2,3,2,3,1,1,1
18,1950,34,1,1,2,4,1.0,4,4,3,10,3,1,3,2,2,3,2,1,1
24,2924,63,4,2,1,3,1.0,3,1,3,2,3,3,4,1,2,3,2,1,1
24,1659,29,2,1,1,4,1.0,2,1,4,5,2,1,3,3,1,2,2,1,2
48,7238,32,3,2,2,3,1.0,5,4,4,5,3,1,3,1,2,3,1,1,1
33,2764,26,2,1,2,2,1.0,3,4,4,10,2,1,3,3,2,3,2,1,1
24,4679,35,3,1,2,3,1.0,4,4,4,2,3,1,3,3,2,2,2,1,1
24,3092,22,2,1,1,3,2.0,2,2,3,5,4,1,3,3,1,3,2,1,2
6,448,23,4,1,1,4,1.0,2,1,3,8,2,1,2,3,2,3,1,1,2
9,654,28,3,1,1,4,1.0,3,1,3,1,3,1,3,3,2,2,1,1,2
6,1238,36,4,2,1,4,1.0,1,4,3,9,3,1,2,3,2,4,2,1,1
18,1245,33,2,1,1,4,1.0,3,2,5,5,4,1,3,3,2,3,1,1,2
18,3114,26,4,1,1,1,1.0,2,1,1,4,2,1,2,3,1,3,1,1,2
39,2569,24,4,1,1,4,3.0,3,4,3,2,3,1,3,3,2,3,1,1,1
24,5152,25,2,1,1,4,1.0,4,3,3,5,3,1,3,1,2,3,1,1,1
12,1037,39,4,1,1,3,2.0,4,2,3,10,3,1,1,3,2,2,1,1,1
15,1478,44,4,2,2,4,1.0,5,1,5,4,3,1,3,3,2,3,2,1,1
12,3573,23,1,1,1,1,1.0,3,2,5,5,2,1,1,3,2,2,1,1,1
24,1201,26,1,1,1,4,1.0,2,2,3,1,3,1,2,3,2,3,1,1,1
30,3622,57,4,1,2,4,4.0,5,1,3,4,2,1,2,3,1,3,2,1,1
15,960,30,2,1,2,3,4.0,4,4,4,4,2,1,2,3,2,3,1,1,1
12,1163,44,4,1,1,4,3.0,3,4,5,1,3,1,1,3,2,3,2,1,1
6,1209,47,4,1,1,4,1.0,1,2,4,1,3,1,2,3,2,4,2,1,2
12,3077,52,4,1,1,2,1.0,3,4,3,5,3,1,3,3,2,3,2,1,1
24,3757,62,4,1,1,4,1.0,5,4,3,1,2,2,4,3,3,3,2,1,1
10,1418,35,2,1,1,3,2.0,3,4,3,1,3,1,1,3,1,2,1,2,1
6,3518,26,3,1,1,2,1.0,3,4,3,1,3,3,2,3,1,3,1,1,1
12,1934,26,2,1,2,2,1.0,5,4,5,5,3,1,4,3,2,3,1,1,1
27,8318,42,4,1,2,2,1.0,5,2,1,10,2,1,4,3,3,4,2,1,2
6,1237,27,1,1,2,1,2.0,3,4,5,5,2,1,2,3,2,3,1,1,1
6,368,38,4,1,1,4,1.0,5,2,3,5,3,1,2,3,2,3,1,1,1
12,2122,39,2,2,2,3,1.0,3,1,5,1,3,1,1,3,1,2,1,2,1
24,2996,20,4,1,1,2,1.0,3,1,3,4,4,1,3,3,2,3,1,1,2
36,9034,29,1,1,1,4,2.0,2,2,3,4,3,2,4,3,1,4,2,1,2
24,1585,40,3,1,2,4,1.0,4,4,5,4,3,1,2,3,2,3,1,1,1
18,1301,32,2,1,1,4,1.0,5,2,3,5,4,3,1,3,2,2,1,1,1
6,1323,28,4,2,2,2,2.0,5,3,5,1,1,1,3,3,2,3,2,1,1
24,3123,27,1,1,1,4,1.0,2,1,3,1,2,1,2,3,2,3,1,1,2
36,5493,42,4,2,1,2,1.0,5,1,3,2,3,1,4,3,3,3,1,1,1
9,1126,49,4,1,1,2,2.0,5,3,3,5,1,1,1,3,2,3,1,1,1
24,1216,38,4,2,2,4,2.0,2,2,5,5,3,1,4,1,2,3,1,1,2
24,1207,24,4,1,1,4,1.0,2,1,3,1,2,1,2,3,1,3,1,1,2
10,1309,27,4,1,1,4,1.0,3,4,3,1,3,3,2,3,2,2,1,1,2
15,2360,36,2,1,1,2,3.0,3,3,5,2,3,1,3,3,2,3,2,1,1
15,6850,34,2,2,1,1,2.0,1,2,2,1,3,1,2,3,2,4,2,1,2
24,1413,28,2,1,1,4,1.0,3,4,3,5,4,1,2,3,2,3,1,1,1
39,8588,45,2,1,1,4,2.0,5,4,3,2,3,1,3,3,2,4,2,1,1
12,759,26,2,1,1,4,1.0,4,1,3,1,3,1,1,3,2,3,1,1,2
36,4686,32,2,1,1,2,1.0,3,4,3,2,3,1,4,3,3,4,2,1,1
15,2687,26,4,1,1,2,1.0,4,3,3,10,3,1,2,3,1,3,2,1,1
12,585,20,4,1,2,4,1.0,3,2,4,5,4,2,1,3,1,3,1,1,1
24,2255,54,1,1,1,4,1.0,2,4,3,1,3,1,2,3,2,3,1,1,1
6,609,37,3,1,2,4,1.0,4,1,5,1,2,1,2,3,2,3,1,2,1
6,1361,40,4,2,1,2,1.0,2,1,5,1,3,1,1,3,2,2,1,2,1
36,7127,23,4,1,2,2,1.0,2,4,5,4,2,1,2,3,1,3,2,1,2
6,1203,43,2,1,1,3,2.0,5,1,3,1,3,1,2,3,2,3,2,1,1
6,700,36,4,1,2,4,1.0,5,4,5,5,3,1,4,3,3,3,1,1,1
24,5507,44,4,1,2,3,1.0,5,4,5,7,3,1,4,3,3,3,1,1,1
18,3190,24,2,1,1,2,1.0,3,1,3,5,2,1,1,3,2,3,1,1,2
48,7119,53,4,2,2,3,1.0,3,1,1,4,3,1,4,3,3,3,1,1,2
24,3488,23,4,1,1,3,2.0,4,4,3,2,2,1,3,3,2,3,1,1,1
18,1113,26,4,2,1,4,1.0,3,2,3,5,2,3,1,3,2,2,1,1,1
26,7966,30,3,1,2,2,1.0,2,2,3,2,3,1,3,3,2,3,1,1,1
15,1532,31,3,1,1,4,2.0,3,4,5,8,2,1,3,3,2,3,1,1,1
4,1503,42,1,2,2,2,1.0,4,4,5,5,3,1,1,3,2,2,1,1,1
36,2302,31,4,1,1,4,1.0,3,1,3,5,1,1,3,3,1,3,1,1,2
6,662,41,4,2,1,3,1.0,2,1,3,1,3,1,1,3,2,2,2,1,1
36,2273,32,1,2,2,3,1.0,4,2,3,8,3,1,3,3,2,3,1,1,1
15,2631,28,4,1,2,2,2.0,3,2,3,1,2,1,3,3,1,3,2,1,2
12,1503,41,4,1,1,4,1.0,3,4,4,2,4,1,1,3,1,3,1,1,1
24,1311,26,3,1,1,4,2.0,4,4,3,5,4,1,2,3,2,3,2,1,1
24,3105,25,2,1,2,4,1.0,2,4,3,5,3,1,3,3,2,3,1,1,1
21,2319,33,1,1,1,2,1.0,2,3,5,8,1,1,3,3,1,3,1,1,2
6,1374,75,3,1,1,4,1.0,1,1,3,1,2,1,2,3,2,4,2,1,1
18,3612,37,4,1,1,3,1.0,5,2,5,4,2,1,2,3,2,3,2,1,1
48,7763,42,4,1,1,4,1.0,5,1,3,1,3,1,4,1,3,4,1,1,2
18,3049,45,1,1,1,1,1.0,2,3,3,4,2,1,2,2,2,2,1,1,1
12,1534,23,1,1,1,1,1.0,2,2,3,5,4,1,1,3,1,3,1,1,2
24,2032,60,4,1,2,4,1.0,5,4,4,1,3,1,4,3,3,3,2,1,1
30,6350,31,4,1,1,4,1.0,5,1,3,4,3,1,2,3,2,3,1,1,2
18,2864,34,1,2,1,2,1.0,3,3,3,4,3,1,1,3,2,2,1,1,2
12,1255,61,4,1,2,4,1.0,5,4,5,1,3,1,1,3,2,2,1,1,1
24,1333,43,2,2,2,4,1.0,1,1,4,1,3,1,1,3,3,3,1,1,2
24,2022,37,4,1,1,4,1.0,3,4,5,1,2,1,3,3,2,3,2,1,1
24,1552,32,1,2,1,3,1.0,4,4,3,5,3,1,3,1,2,3,1,1,1
12,626,24,4,1,1,4,1.0,3,1,2,5,2,1,1,1,2,2,1,1,2
48,8858,35,1,1,2,2,1.0,4,4,5,2,3,1,4,3,3,3,2,1,1
12,996,23,4,1,2,4,1.0,4,4,5,7,2,1,1,3,2,3,1,1,1
6,1750,45,4,2,1,2,3.0,5,4,2,5,3,1,2,1,2,2,1,1,1
48,6999,34,1,1,2,1,1.0,4,1,3,5,4,3,1,3,2,3,2,1,2
12,1995,27,1,1,1,4,2.0,2,2,5,1,3,1,3,3,2,3,1,1,1
9,1199,67,4,1,2,4,1.0,4,2,3,8,2,1,2,3,2,4,2,1,1
12,1331,22,1,1,1,2,1.0,2,2,3,5,3,1,3,2,2,3,1,1,2
18,2278,28,3,1,2,3,2.0,2,2,1,1,2,1,3,3,2,3,1,1,2
21,5003,29,4,1,2,1,1.0,3,4,1,1,2,1,2,1,2,3,2,1,2
24,3552,27,4,1,1,3,1.0,4,1,2,4,3,1,3,1,2,3,1,1,2
18,1928,31,2,1,2,2,1.0,2,2,5,4,3,1,1,3,2,2,1,1,2
24,2964,49,4,2,1,4,1.0,5,1,3,2,3,1,4,1,3,3,2,1,1
24,1546,24,4,1,1,4,1.0,4,1,2,5,3,3,3,1,1,2,1,1,2
6,683,29,1,1,1,2,1.0,2,3,4,5,2,1,2,1,2,3,1,1,1
36,12389,37,4,1,1,1,1.0,3,2,3,1,3,1,4,3,3,3,2,1,2
24,4712,37,2,1,2,4,1.0,3,2,4,10,3,1,2,1,2,4,2,1,1
24,1553,23,2,1,2,3,2.0,4,2,4,5,2,1,2,3,1,3,2,1,1
12,1372,36,3,1,1,2,1.0,4,1,3,1,1,1,3,3,2,3,1,1,2
24,2578,34,2,1,1,2,4.0,5,4,5,5,3,1,3,3,2,3,1,1,1
48,3979,41,1,2,2,4,1.0,4,2,3,5,3,1,3,3,2,3,2,1,1
48,6758,31,2,1,1,3,1.0,3,1,3,5,2,1,3,3,2,3,2,1,2
24,3234,23,4,1,1,4,1.0,2,1,3,4,2,1,1,3,1,2,2,1,2
30,5954,38,2,1,1,3,1.0,4,4,5,5,3,2,3,3,2,3,1,1,1
24,5433,26,4,1,1,2,1.0,1,4,3,2,2,1,2,3,1,4,2,1,1
15,806,22,4,1,1,4,1.0,3,1,3,10,2,1,2,3,2,2,1,1,1
9,1082,27,4,1,2,4,1.0,5,2,3,5,3,1,3,3,2,2,1,1,1
15,2788,24,3,1,2,2,1.0,4,4,5,4,2,2,3,1,2,3,1,1,1
12,2930,27,1,1,1,2,1.0,4,2,3,5,2,1,1,3,2,3,1,1,1
24,1927,33,2,1,2,3,1.0,3,4,5,8,2,1,3,3,2,3,2,1,1
36,2820,27,4,1,2,4,1.0,2,2,5,1,1,1,3,3,2,3,1,1,2
24,937,27,3,1,2,4,1.0,2,4,3,9,4,1,3,3,2,2,1,1,1
18,1056,30,3,1,2,3,1.0,5,2,5,1,3,3,1,1,2,3,1,1,2
12,3124,49,3,2,2,1,1.0,2,2,5,1,3,1,1,1,2,2,1,1,1
9,1388,26,2,1,1,4,1.0,3,4,3,4,2,1,1,3,1,3,1,1,1
36,2384,33,1,1,1,4,1.0,2,2,3,7,3,1,4,3,1,2,1,1,2
12,2133,52,4,1,1,4,1.0,5,4,3,1,2,1,4,3,3,4,2,1,1
18,2039,20,4,1,1,1,1.0,3,1,3,4,2,1,1,1,1,3,1,1,2
9,2799,36,2,2,2,2,1.0,3,1,5,1,3,1,1,3,1,3,1,1,1
12,1289,21,1,1,1,4,1.0,3,1,3,4,3,3,2,3,2,2,1,1,1
18,1217,47,3,1,1,4,1.0,3,1,3,6,4,1,1,3,2,2,2,1,2
12,2246,60,3,1,2,3,1.0,5,1,5,4,3,1,2,3,2,3,1,1,2
12,385,58,3,1,4,4,1.0,4,1,5,5,2,1,1,3,2,2,2,1,1
24,1965,42,4,1,2,4,1.0,3,2,4,1,2,1,3,3,1,3,2,1,1
21,1572,36,4,1,1,4,4.0,5,4,3,10,2,1,1,1,2,2,1,1,1
24,2718,20,4,1,1,3,1.0,3,2,3,1,2,1,2,3,1,2,2,1,2
24,1358,40,3,1,1,4,1.0,5,1,2,3,3,1,3,2,2,4,2,1,2
6,931,32,1,1,1,1,2.0,2,2,2,1,2,1,2,2,2,2,1,1,2
24,1442,23,4,1,2,4,1.0,4,1,3,1,2,1,3,3,1,3,1,1,2
24,4241,36,4,1,3,1,1.0,3,2,1,10,3,1,1,3,2,2,2,1,2
18,2775,31,2,1,2,2,1.0,4,4,5,1,3,1,2,1,2,3,1,1,2
24,3863,32,2,1,1,1,1.0,3,4,4,10,3,1,4,3,3,3,1,1,1
7,2329,45,1,1,1,1,1.0,2,2,3,5,2,3,1,3,2,3,1,1,1
9,918,30,1,1,1,4,1.0,3,2,3,4,2,1,2,3,2,3,1,1,2
24,1837,34,4,1,1,4,1.0,4,2,2,8,2,1,4,1,3,2,1,1,2
36,3349,28,2,1,1,4,1.0,3,4,3,4,2,1,3,3,2,4,2,1,2
10,1275,23,2,1,1,4,1.0,2,3,3,4,2,1,2,3,2,3,1,1,1
24,2828,22,4,1,1,4,3.0,3,1,2,4,3,1,1,2,2,3,2,1,1
24,4526,74,2,1,1,3,1.0,3,4,5,10,3,1,1,3,2,4,2,1,1
36,2671,50,4,1,1,4,2.0,3,2,3,5,2,2,4,3,3,3,1,1,2
18,2051,33,1,1,1,4,1.0,2,4,3,5,3,1,1,3,2,3,1,1,1
15,1300,45,4,2,1,4,1.0,5,4,3,2,3,1,4,1,3,3,1,1,1
12,741,22,3,1,1,4,2.0,1,1,3,6,2,1,2,3,2,3,1,1,2
10,1240,48,4,2,1,1,2.0,5,3,3,1,2,1,4,3,3,2,1,1,2
21,3357,29,2,1,1,4,4.0,2,1,3,5,2,1,3,1,2,3,1,1,1
24,3632,22,4,1,1,1,1.0,3,1,2,2,2,3,3,1,1,3,1,2,1
18,1808,22,1,1,1,4,1.0,4,4,4,4,2,1,1,3,2,3,1,1,2
48,12204,48,2,1,1,2,1.0,3,2,1,10,3,1,3,1,2,4,2,1,1
60,9157,27,2,1,1,2,1.0,3,2,4,5,3,1,4,3,3,4,1,1,1
6,3676,37,3,2,3,1,1.0,3,1,5,1,3,1,1,3,1,3,1,1,1
30,3441,21,4,1,1,2,2.0,3,2,3,4,2,2,3,3,1,3,1,1,2
12,640,49,2,1,1,4,1.0,3,4,3,1,1,1,1,3,2,2,1,1,1
21,3652,27,3,1,2,2,1.0,4,2,5,10,3,1,2,3,2,3,1,1,1
18,1530,32,2,1,2,3,1.0,3,4,5,1,3,1,2,1,2,3,1,1,2
48,3914,38,2,1,1,4,1.0,3,4,3,10,1,1,1,1,2,3,1,1,2
12,1858,22,1,1,1,4,1.0,2,1,3,4,2,1,3,3,1,3,1,1,1
18,2600,65,4,1,2,4,1.0,3,1,3,5,3,1,4,3,3,3,1,1,2
15,1979,35,2,1,1,4,1.0,5,4,3,5,3,1,3,3,2,3,1,1,1
6,2116,41,2,1,1,2,1.0,3,3,3,4,3,1,1,3,2,3,2,1,1
9,1437,29,3,1,1,2,2.0,4,2,2,1,3,1,4,3,2,3,1,1,2
42,4042,36,4,1,2,4,3.0,3,4,5,4,3,1,1,3,2,3,2,1,1
9,3832,64,4,1,1,1,1.0,5,4,3,8,3,1,1,3,2,2,1,1,1
24,3660,28,4,1,1,2,1.0,3,1,3,5,2,1,3,3,2,3,1,1,1
18,1553,44,3,1,1,4,1.0,3,1,2,4,3,1,3,1,2,3,1,1,2
15,1444,23,1,1,1,4,1.0,2,2,3,5,3,1,2,3,2,3,1,1,1
9,1980,19,2,1,2,2,1.0,2,4,3,4,2,2,3,3,1,3,1,1,2
24,1355,25,4,1,1,3,1.0,2,2,3,1,2,1,3,3,2,2,2,1,2
12,1393,47,4,2,3,4,1.0,5,4,3,8,3,1,2,1,2,3,2,1,1
24,1376,28,1,1,1,4,3.0,4,4,3,5,2,1,3,3,2,3,1,1,1
60,15653,21,4,1,2,2,1.0,4,4,4,5,3,1,3,3,2,3,2,1,1
12,1493,34,3,2,1,4,1.0,2,4,3,5,2,1,3,3,2,3,1,1,1
42,4370,26,2,2,2,3,1.0,4,1,4,5,3,1,2,1,2,3,2,1,2
18,750,27,1,1,1,4,1.0,1,1,3,8,2,1,1,3,2,1,1,1,2
15,1308,38,4,1,2,4,1.0,5,2,3,7,3,1,3,3,2,2,1,1,1
15,4623,40,2,1,1,3,2.0,3,4,3,8,3,1,2,3,2,4,2,1,2
24,1851,33,2,1,2,4,1.0,4,4,5,5,4,3,3,3,2,3,2,1,1
18,1880,32,1,1,2,4,1.0,4,1,5,5,4,1,2,3,2,4,2,1,1
36,7980,27,4,1,2,4,1.0,2,4,4,10,3,1,3,3,1,3,2,1,2
30,4583,32,2,1,2,2,1.0,3,1,1,4,1,3,1,3,2,3,1,1,1
12,1386,26,2,1,1,2,3.0,3,4,3,1,2,1,2,3,2,3,1,1,2
24,947,38,3,2,1,4,1.0,4,3,3,1,3,1,4,1,3,3,1,1,2
12,684,40,4,2,1,4,1.0,3,1,3,8,3,1,3,3,1,2,1,1,2
48,7476,50,1,1,1,4,1.0,4,1,3,8,3,1,4,3,3,4,2,1,1
12,1922,37,2,1,1,4,1.0,3,2,3,4,3,1,2,3,2,2,1,1,2
24,2303,45,1,1,1,4,1.0,5,1,3,1,3,2,1,3,2,3,1,1,2
36,8086,42,4,1,4,2,2.0,5,2,4,1,3,1,3,3,2,4,2,1,2
24,2346,35,3,1,2,4,1.0,4,4,5,2,3,1,3,3,2,3,2,1,1
14,3973,22,4,1,1,1,1.0,1,1,3,1,3,1,4,3,3,3,1,1,1
12,888,41,4,2,1,4,1.0,5,2,3,1,3,1,3,1,2,2,1,1,2
48,10222,37,3,1,1,4,1.0,4,4,3,5,3,1,3,2,2,3,2,1,1
30,4221,28,1,1,2,2,1.0,3,2,1,10,2,1,3,3,2,3,1,1,1
18,6361,41,1,1,1,2,1.0,5,2,5,4,3,1,4,3,2,3,2,1,1
12,1297,23,4,1,1,3,1.0,3,3,3,5,4,1,1,3,1,3,1,1,1
12,900,23,2,1,1,4,1.0,3,1,3,1,4,1,3,3,2,3,1,1,2
21,2241,50,2,1,2,4,1.0,5,4,3,4,3,1,1,3,2,3,1,1,1
6,1050,35,1,1,2,4,1.0,1,2,4,4,3,1,2,2,2,4,2,1,1
6,1047,50,4,1,1,2,1.0,3,3,5,8,2,1,2,3,2,2,1,1,1
24,6314,27,2,1,2,4,1.0,1,4,5,3,3,2,4,1,2,4,2,1,1
30,3496,34,2,2,1,4,4.0,3,2,2,4,3,1,3,2,2,3,2,1,1
48,3609,27,1,1,1,1,1.0,3,4,2,10,2,1,1,2,2,3,1,1,1
12,4843,43,4,1,2,3,1.0,5,1,5,1,3,2,2,3,1,3,2,1,2
30,3017,47,4,1,1,4,1.0,5,3,5,5,3,1,2,3,2,3,1,1,1
24,4139,27,3,1,2,3,2.0,3,4,5,10,3,1,2,3,2,2,2,1,1
36,5742,31,2,1,2,2,2.0,4,4,3,10,3,1,3,3,2,3,2,1,1
60,10366,42,4,1,1,2,1.0,5,4,3,1,3,1,2,3,2,4,2,1,1
6,2080,24,2,1,1,1,3.0,3,4,5,1,4,1,3,3,2,3,1,1,1
21,2580,41,2,2,1,4,3.0,2,4,4,10,3,1,1,1,2,2,1,1,2
30,4530,26,4,1,1,4,1.0,4,4,5,5,2,1,3,3,1,4,2,1,1
24,5150,33,4,1,1,4,1.0,5,4,5,4,3,1,3,3,2,3,2,1,1
72,5595,24,2,1,1,2,2.0,3,2,3,5,4,1,3,3,2,3,1,1,2
24,2384,64,4,1,1,4,1.0,5,1,3,5,3,1,1,1,1,2,1,1,1
18,1453,26,1,1,1,3,1.0,2,4,3,5,2,1,1,3,2,3,1,1,1
6,1538,56,2,1,1,1,1.0,2,4,3,8,2,1,4,3,2,3,1,1,1
12,2279,37,4,1,1,4,1.0,3,4,3,5,3,1,4,3,3,3,2,1,1
15,1478,33,3,1,2,4,1.0,3,4,4,5,4,1,1,1,2,3,1,1,1
24,5103,47,3,1,3,3,1.0,2,4,5,5,4,1,4,3,3,3,2,1,1
36,9857,31,3,2,2,1,2.0,4,2,4,10,3,1,2,3,2,2,2,1,1
60,6527,34,4,2,1,4,1.0,3,4,3,1,3,1,4,3,3,3,2,1,1
10,1347,27,2,1,2,4,1.0,4,3,5,5,3,1,2,3,2,3,2,1,1
36,2862,30,3,1,1,4,2.0,5,2,4,1,3,1,4,3,3,3,1,1,1
9,2753,35,4,1,1,3,2.0,5,4,3,5,3,2,3,3,2,3,2,1,1
12,3651,31,3,2,1,1,4.0,3,1,3,1,3,1,2,3,2,3,1,1,1
15,975,25,3,1,2,2,1.0,3,1,5,4,1,1,2,3,2,3,1,1,1
15,2631,25,2,1,1,3,2.0,3,2,3,7,2,1,1,3,2,2,1,1,1
24,2896,29,1,1,1,2,2.0,2,2,3,5,3,1,3,3,2,3,1,1,1
6,4716,44,3,2,2,1,1.0,2,1,5,1,3,1,1,3,2,2,1,1,1
24,2284,28,2,1,1,4,1.0,4,4,3,5,3,1,3,3,2,3,2,1,1
6,1236,50,4,1,1,2,3.0,3,4,3,2,3,1,2,3,1,3,1,1,1
12,1103,29,3,1,2,4,1.0,4,2,3,5,3,3,1,3,2,3,1,2,1
12,926,38,2,1,1,1,1.0,1,4,5,1,2,1,2,3,2,1,1,1,1
18,1800,24,2,1,2,4,1.0,3,4,5,5,3,1,3,3,2,3,1,1,1
15,1905,40,4,1,1,4,1.0,5,3,3,8,3,1,3,3,1,4,2,1,1
12,1123,29,4,1,1,4,3.0,3,4,3,4,2,1,3,3,1,2,1,1,2
48,6331,46,4,1,2,4,1.0,5,1,5,2,3,1,4,3,3,3,2,1,2
24,1377,47,2,1,1,4,2.0,5,3,3,5,2,1,4,3,3,3,2,1,1
30,2503,41,2,1,2,4,2.0,5,2,4,10,3,1,2,2,2,3,1,1,1
27,2528,32,1,2,1,4,1.0,2,2,3,10,2,1,2,3,2,3,2,1,1
15,5324,35,4,1,1,1,3.0,5,4,3,1,2,1,4,3,3,3,1,1,1
48,6560,24,2,1,1,3,2.0,4,2,3,1,3,1,2,3,2,3,1,1,2
12,2969,25,3,1,2,4,1.0,2,2,1,4,2,1,2,3,1,3,1,1,2
9,1206,25,4,1,1,4,1.0,5,2,3,5,2,1,1,3,2,3,1,1,1
9,2118,37,2,2,1,2,1.0,3,2,3,5,3,1,1,3,2,2,1,1,1
18,629,32,3,1,2,4,3.0,5,4,5,5,3,1,2,1,2,4,2,1,1
6,1198,35,4,1,1,4,1.0,5,1,2,8,2,1,4,3,3,3,1,1,2
21,2476,46,4,1,1,4,1.0,5,4,3,2,3,1,1,3,2,4,2,1,1
9,1138,25,4,1,2,4,1.0,3,1,5,5,3,1,1,3,2,2,1,1,1
60,14027,27,2,1,1,4,1.0,4,2,3,1,3,1,4,3,2,4,2,1,2
30,7596,63,4,1,2,1,1.0,5,4,5,2,3,1,3,3,2,3,1,1,1
30,3077,40,2,2,2,3,1.0,5,4,5,5,3,1,3,3,2,3,2,1,1
18,1505,32,2,1,1,4,1.0,3,4,3,5,3,1,4,3,3,4,2,1,1
24,3148,31,2,1,2,3,1.0,3,3,5,5,3,1,3,3,2,3,2,1,1
20,6148,31,4,1,2,3,2.0,5,2,1,2,4,1,3,1,2,3,2,1,1
9,1337,34,2,1,2,4,1.0,2,3,1,5,3,1,3,3,2,4,2,1,2
6,433,24,2,2,1,4,4.0,2,2,2,8,2,1,2,1,1,3,1,1,2
12,1228,24,2,1,1,4,1.0,3,1,3,1,2,1,1,3,2,2,1,1,2
9,790,66,3,1,1,4,3.0,3,2,3,5,2,1,1,3,2,2,1,1,1
27,2570,21,3,1,1,3,1.0,3,4,3,1,2,1,1,3,1,3,1,1,2
6,250,41,2,1,2,2,4.0,3,4,5,1,2,1,1,1,2,2,1,1,1
15,1316,47,2,1,2,2,3.0,3,4,5,5,4,1,2,3,2,2,1,1,1
18,1882,25,4,1,2,4,1.0,3,1,3,5,2,1,3,1,1,3,1,1,2
48,6416,59,3,1,1,4,1.0,5,2,2,10,2,1,4,3,1,3,1,1,2
24,1275,36,4,1,2,2,4.0,3,3,5,10,1,1,1,3,2,3,2,1,1
24,6403,33,2,1,1,1,1.0,2,2,4,5,3,1,3,3,2,3,1,1,1
24,1987,21,4,2,1,2,1.0,3,1,3,5,3,1,1,3,1,2,1,1,2
8,760,44,2,1,1,4,1.0,4,2,3,5,2,3,1,3,2,2,1,1,1
24,2603,28,4,1,1,2,4.0,3,4,3,2,2,1,3,3,1,3,2,1,1
4,3380,37,1,2,1,1,1.0,4,4,5,1,2,1,1,3,2,3,1,1,1
36,3990,29,2,1,1,3,1.0,2,2,2,6,2,1,4,1,2,1,1,1,1
24,11560,23,4,1,2,1,1.0,3,2,3,2,2,1,3,3,1,4,1,1,2
18,4380,35,4,2,1,3,2.0,3,1,3,1,3,1,3,3,2,2,2,1,1
6,6761,45,3,2,2,1,1.0,4,4,5,1,3,1,4,3,2,4,2,1,1
30,4280,26,4,1,2,4,2.0,3,2,1,10,2,1,3,3,1,2,1,1,2
24,2325,32,3,1,1,2,2.0,4,1,2,1,3,1,3,1,2,3,1,1,1
10,1048,23,4,1,1,4,1.0,3,2,2,5,3,1,1,2,2,2,1,1,1
21,3160,41,3,1,1,4,1.0,5,4,3,5,3,1,2,3,2,3,2,1,1
24,2483,22,4,1,1,4,3.0,3,1,2,4,3,1,1,2,2,3,2,1,1
39,14179,30,4,1,2,4,1.0,4,1,5,4,3,1,2,3,2,4,2,1,1
13,1797,28,1,1,2,3,1.0,2,1,5,10,3,1,2,1,2,2,1,1,1
15,2511,23,4,1,1,1,1.0,1,1,3,1,2,1,3,3,1,3,1,1,1
12,1274,37,1,1,1,3,1.0,2,1,3,1,2,1,1,3,2,2,1,1,2
21,5248,26,3,1,1,1,1.0,3,4,3,2,3,1,3,3,2,3,1,1,1
15,3029,33,2,1,1,2,1.0,4,4,3,2,3,1,3,3,2,3,1,1,1
6,428,49,1,1,1,2,1.0,5,1,3,4,2,1,2,1,2,3,2,1,1
18,976,23,2,1,1,1,1.0,2,1,3,1,2,1,3,3,2,2,1,1,2
12,841,23,4,1,1,2,2.0,4,2,3,10,2,1,1,3,1,2,1,1,1
30,5771,25,2,1,2,4,1.0,4,4,5,5,2,1,3,3,2,3,1,1,1
12,1555,55,4,2,2,4,4.0,5,4,4,7,3,1,4,3,3,3,1,1,2
24,1285,32,4,1,1,4,1.0,4,1,3,1,2,1,4,3,1,3,1,1,2
6,1299,74,1,2,3,1,1.0,3,3,5,1,3,1,1,3,2,1,1,2,1
15,1271,39,4,1,2,3,1.0,3,3,5,5,3,1,4,3,3,3,2,1,2
24,1393,31,2,1,1,2,1.0,3,4,3,1,3,3,1,3,2,3,2,1,1
12,691,35,3,1,2,4,1.0,5,1,5,1,3,1,2,3,2,3,1,1,2
15,5045,59,4,1,1,1,1.0,5,4,5,1,2,1,3,3,2,3,2,1,1
18,2124,24,4,1,2,4,1.0,3,1,5,4,2,1,1,3,1,3,1,1,2
12,2214,24,3,1,1,4,1.0,3,1,3,5,3,1,2,3,2,2,1,1,1
21,12680,30,4,1,1,4,1.0,5,4,5,1,3,1,4,3,3,4,2,1,2
24,2463,27,3,1,2,4,2.0,4,4,5,1,4,1,2,3,2,3,2,1,1
12,1155,40,3,1,2,3,1.0,5,2,3,5,4,3,1,1,2,2,1,1,1
30,3108,31,4,1,1,2,1.0,2,1,3,4,1,1,2,3,2,2,1,1,2
10,2901,31,4,1,1,1,1.0,2,4,3,2,2,1,1,3,1,3,1,1,1
12,3617,28,4,1,3,1,1.0,5,2,5,4,3,1,3,3,1,3,2,1,1
12,1655,63,4,1,2,2,1.0,5,4,5,5,3,1,1,3,2,2,2,1,1
24,2812,26,4,1,1,2,1.0,5,1,3,2,2,1,1,3,1,3,1,1,1
36,8065,25,2,1,2,3,1.0,3,1,5,8,2,1,4,3,2,4,2,1,2
21,3275,36,4,1,1,1,1.0,5,4,5,2,3,1,3,3,2,4,2,1,1
24,2223,52,4,1,2,4,2.0,5,4,5,5,3,1,2,1,2,3,1,1,1
12,1480,66,4,1,3,2,3.0,1,3,5,1,3,1,4,1,3,1,1,1,1
24,1371,25,4,1,1,4,1.0,3,1,3,1,2,1,1,3,1,3,1,1,2
36,3535,37,4,1,2,4,1.0,4,4,5,1,3,1,3,3,2,3,2,1,1
18,3509,25,1,1,1,4,1.0,4,1,3,5,2,3,1,3,2,3,1,1,1
36,5711,38,2,1,2,4,4.0,5,4,5,2,3,1,3,3,2,4,2,1,1
18,3872,67,4,1,1,2,1.0,1,2,3,7,2,1,3,3,2,3,2,1,1
39,4933,25,2,1,2,2,1.0,4,2,5,5,3,3,1,3,2,3,1,1,2
24,1940,60,4,1,1,4,4.0,5,4,5,1,3,1,1,3,2,3,2,1,1
12,1410,31,2,1,1,2,1.0,3,2,1,9,3,1,1,3,2,2,2,1,1
12,836,23,2,1,1,4,2.0,2,2,3,1,2,1,2,1,2,2,1,1,2
20,6468,60,4,1,1,1,1.0,1,2,3,2,1,1,1,3,2,4,2,1,1
18,1941,35,2,1,1,4,4.0,3,2,3,10,3,1,2,3,2,2,2,1,1
22,2675,40,4,1,1,3,3.0,5,4,3,5,3,1,3,3,2,3,1,1,1
48,2751,38,3,2,2,4,1.0,5,4,5,2,3,1,3,3,2,3,2,1,1
48,6224,50,4,1,1,4,1.0,5,2,4,8,3,1,4,3,3,3,1,1,2
40,5998,27,3,1,1,4,1.0,3,1,5,8,3,1,4,1,2,3,2,1,2
21,1188,39,4,2,1,2,1.0,5,2,3,10,2,1,2,3,2,3,1,1,2
24,6313,41,4,2,1,3,1.0,5,4,3,2,3,1,3,3,2,4,2,1,1
6,1221,27,2,1,2,1,1.0,3,4,5,4,4,1,2,3,2,3,1,1,1
24,2892,51,4,1,1,3,1.0,5,3,3,4,1,1,4,3,3,3,1,1,1
24,3062,32,3,1,1,4,3.0,5,4,3,4,3,1,4,3,1,3,2,1,1
9,2301,22,4,1,1,2,2.0,2,4,3,4,2,1,2,3,1,3,1,1,1
18,7511,51,4,2,1,1,1.0,5,1,3,2,3,1,2,3,3,3,2,1,2
12,1258,22,4,1,2,2,1.0,2,4,5,4,2,1,2,3,1,2,1,1,1
24,717,54,4,1,2,4,1.0,5,4,4,1,4,1,3,3,2,3,2,1,1
9,1549,35,2,1,1,4,1.0,2,2,3,1,3,1,1,3,2,1,1,1,1
24,1597,54,4,2,2,4,1.0,5,4,5,8,3,1,4,3,3,3,1,1,1
18,1795,48,4,1,2,3,1.0,5,2,5,5,2,3,1,1,1,2,2,1,1
20,4272,24,4,1,2,1,1.0,5,1,5,4,2,1,2,3,2,3,1,1,1
12,976,35,4,1,2,4,1.0,5,4,5,5,3,1,3,3,2,3,1,1,1
12,7472,24,2,1,1,1,1.0,1,2,3,1,2,1,1,3,1,1,1,1,1
36,9271,24,1,1,1,2,1.0,4,1,3,1,3,1,3,3,2,3,2,1,2
6,590,26,3,1,1,3,1.0,2,2,3,5,4,1,1,3,2,2,1,2,1
12,930,65,4,1,4,4,1.0,5,4,5,5,3,1,1,3,2,3,1,1,1
42,9283,55,2,1,1,1,1.0,1,2,2,2,3,1,4,1,3,4,2,1,1
15,1778,26,1,1,2,2,1.0,2,2,1,1,2,1,1,3,1,1,1,1,2
8,907,26,2,1,1,3,1.0,2,2,3,10,4,1,1,3,2,3,2,1,1
6,484,28,3,1,1,3,1.0,4,2,3,5,4,3,1,1,2,2,1,1,1
36,9629,24,4,1,2,4,1.0,4,1,5,2,3,1,3,3,2,3,2,1,2
48,3051,54,4,1,1,3,1.0,3,1,3,6,3,1,3,3,2,3,1,1,2
48,3931,46,4,2,1,4,1.0,4,1,3,1,3,1,4,3,3,3,1,1,2
36,7432,54,2,1,1,2,1.0,3,2,4,1,2,1,2,3,1,3,1,1,1
6,1338,62,4,1,1,1,3.0,3,4,3,6,1,1,1,3,2,3,1,1,1
6,1554,24,2,1,2,1,1.0,4,4,5,5,2,1,3,3,1,3,2,1,1
36,15857,43,3,1,1,2,1.0,1,1,3,3,1,2,3,3,2,4,1,1,1
18,1345,26,3,1,1,4,1.0,3,1,3,5,4,1,1,1,2,3,1,1,2
12,1101,27,2,1,2,3,1.0,3,4,3,1,4,1,1,3,2,3,2,1,1
12,3016,24,1,1,1,3,1.0,3,3,3,5,4,1,3,3,2,3,1,1,1
36,2712,41,2,2,1,2,1.0,5,1,3,4,3,1,2,1,2,3,1,1,2
8,731,47,4,1,2,4,1.0,5,1,5,1,3,1,1,3,2,2,1,1,1
18,3780,35,2,1,2,3,1.0,2,4,5,4,1,1,3,3,2,4,2,1,1
21,1602,30,3,1,2,4,1.0,5,1,5,1,4,1,3,3,2,3,2,1,1
18,3966,33,4,1,3,1,1.0,5,1,5,1,2,1,1,1,1,3,2,1,2
18,4165,36,2,2,2,2,1.0,3,4,1,10,3,1,3,2,2,3,1,1,2
36,8335,47,4,1,1,3,1.0,5,1,3,2,3,1,4,3,3,3,1,1,2
48,6681,38,4,2,1,4,1.0,3,2,4,10,3,1,4,3,3,3,2,1,1
24,2375,44,2,2,2,4,3.0,3,4,4,10,3,1,3,3,2,3,2,1,1
18,1216,23,3,1,1,4,1.0,2,1,3,1,2,1,3,3,1,3,2,1,2
45,11816,29,4,1,2,2,1.0,5,1,1,10,3,1,3,3,1,3,1,1,2
24,5084,42,4,1,1,2,1.0,5,2,3,5,2,1,3,3,2,3,2,1,1
15,2327,25,3,1,1,2,1.0,2,3,3,5,2,1,1,3,2,2,1,1,2
12,1082,48,4,1,2,4,1.0,3,1,1,1,3,1,3,1,2,3,1,1,2
12,886,21,2,1,1,4,1.0,3,4,3,5,2,1,3,3,2,3,1,1,1
4,601,23,3,2,1,1,1.0,2,4,3,4,2,1,1,3,1,2,1,1,1
24,2957,63,4,1,2,4,1.0,5,1,5,2,3,1,2,3,2,3,2,1,1
24,2611,46,3,1,2,4,1.0,5,4,5,5,4,2,1,3,2,3,1,1,1
36,5179,29,2,1,1,4,1.0,4,1,3,4,3,1,2,3,2,3,1,1,2
21,2993,28,2,1,2,3,1.0,3,4,4,2,3,1,1,2,2,2,1,1,1
18,1943,23,4,1,1,4,1.0,2,4,3,7,2,1,1,3,2,3,1,1,2
24,1559,50,4,1,1,4,1.0,4,4,2,10,3,1,3,1,2,3,2,1,1
18,3422,47,4,2,3,4,1.0,5,4,3,4,3,1,2,1,2,3,2,1,1
21,3976,35,3,1,1,2,1.0,4,2,3,4,3,1,3,3,2,3,2,1,1
18,6761,68,4,1,2,2,1.0,3,4,3,1,3,1,3,3,1,3,1,1,2
24,1249,28,2,1,1,4,1.0,2,4,3,1,4,1,1,3,2,3,1,1,1
9,1364,59,4,1,1,3,1.0,4,1,3,5,3,1,1,3,2,3,1,1,1
12,709,57,4,1,1,4,1.0,5,1,3,5,3,1,1,2,2,2,1,1,2
20,2235,33,2,1,2,4,1.0,3,1,5,1,4,3,2,1,1,3,1,2,2
24,4042,43,4,1,2,3,1.0,4,4,5,2,3,1,2,3,2,3,2,1,1
15,1471,35,4,1,2,4,1.0,3,4,5,5,3,1,4,3,3,3,2,1,1
18,1442,32,4,2,2,4,1.0,4,1,2,1,3,1,4,3,3,2,1,1,2
36,10875,45,2,2,2,2,1.0,5,4,4,1,3,1,3,3,2,3,2,1,1
24,1474,33,3,1,1,4,2.0,2,4,3,1,4,1,1,3,2,3,2,1,1
10,894,40,3,1,1,4,1.0,4,4,3,9,2,1,2,3,2,3,2,1,1
15,3343,28,2,1,1,4,1.0,3,4,5,4,3,1,4,3,3,3,2,1,1
15,3959,29,2,1,1,3,1.0,3,1,3,1,2,1,2,3,2,3,2,1,2
9,3577,26,2,2,1,1,2.0,3,4,3,1,3,3,1,3,1,3,1,2,1
24,5804,27,2,1,2,4,4.0,3,4,5,2,3,1,1,3,2,3,1,1,1
18,2169,28,2,1,1,4,1.0,3,4,4,10,4,1,3,3,2,3,2,1,2
24,2439,35,4,1,1,4,1.0,2,1,3,5,2,1,1,3,2,3,2,1,2
27,4526,32,2,2,2,4,4.0,2,4,5,4,3,1,1,2,2,2,2,1,1
10,2210,25,2,1,1,2,1.0,3,4,3,4,3,1,1,1,1,2,1,1,2
15,2221,20,4,1,1,2,3.0,3,4,3,4,2,1,3,3,1,3,1,1,1
18,2389,27,1,1,1,4,1.0,2,1,3,5,2,1,3,2,2,3,1,1,1
12,3331,42,4,1,1,2,1.0,5,4,5,4,3,1,2,2,2,3,1,1,1
36,7409,37,2,1,2,3,1.0,5,4,3,10,3,1,2,3,2,3,1,1,1
12,652,24,4,1,1,4,1.0,5,1,3,4,2,1,2,3,1,3,1,1,1
36,7678,40,4,1,2,2,3.0,4,4,4,4,2,1,3,3,2,3,2,1,1
6,1343,46,4,2,2,1,1.0,5,3,5,1,3,1,1,3,2,3,1,2,1
24,1382,26,1,1,2,4,2.0,4,1,5,10,3,1,1,3,2,3,2,1,1
15,874,24,1,1,1,4,1.0,2,4,3,6,2,1,1,3,2,3,1,1,1
12,3590,29,2,2,1,2,1.0,3,1,3,4,3,2,2,3,2,2,1,1,1
11,1322,40,4,1,2,4,4.0,3,2,5,1,2,1,3,3,2,3,1,1,1
18,1940,36,4,1,1,3,1.0,2,1,2,5,3,2,4,1,3,4,2,1,1
36,3595,28,2,1,1,4,1.0,5,4,3,5,3,1,3,3,2,3,1,1,1
9,1422,27,2,1,1,3,1.0,2,1,3,1,3,1,4,3,3,4,2,1,2
30,6742,36,3,1,2,2,1.0,4,4,5,5,3,1,2,3,2,3,1,1,1
24,7814,38,3,1,1,3,1.0,4,4,3,2,3,1,3,3,2,4,2,1,1
24,9277,48,4,1,1,2,1.0,3,4,3,2,1,1,4,3,3,3,2,1,1
30,2181,36,4,1,2,4,1.0,5,2,5,1,3,1,1,3,2,3,1,1,1
18,1098,65,4,1,2,4,1.0,1,4,5,5,2,1,3,3,2,1,1,1,1
24,4057,43,3,1,1,3,1.0,4,2,3,4,1,1,3,3,2,3,2,1,2
12,795,53,4,1,1,4,1.0,2,1,3,8,2,1,2,3,2,3,1,1,2
24,2825,34,3,2,2,4,1.0,4,2,5,10,3,1,4,3,2,3,2,1,1
48,15672,23,2,1,1,2,1.0,3,2,3,10,3,1,3,3,2,3,2,1,2
36,6614,34,4,1,2,4,1.0,5,4,5,1,3,1,3,3,2,4,2,1,1
28,7824,40,4,2,2,3,1.0,2,4,2,2,3,3,1,1,1,3,2,1,1
27,2442,43,4,2,4,4,1.0,5,1,5,10,3,1,3,2,2,4,2,1,1
15,1829,46,4,1,2,4,1.0,5,4,5,5,3,1,3,3,2,3,2,1,1
12,2171,38,4,1,2,4,1.0,3,1,5,1,3,1,2,1,2,2,1,2,1
36,5800,34,4,1,2,3,1.0,3,2,5,2,3,1,3,3,2,3,2,1,1
18,1169,29,3,1,2,4,1.0,3,4,5,5,3,1,2,3,2,3,2,1,1
36,8947,31,2,2,1,3,1.0,4,4,4,2,3,1,3,2,2,4,2,1,1
21,2606,28,4,1,1,4,1.0,2,1,3,5,2,1,2,3,1,4,2,1,1
12,1592,35,2,1,1,3,4.0,4,4,5,4,2,1,2,3,2,3,1,2,1
15,2186,33,4,1,1,1,1.0,4,4,3,4,2,1,1,1,1,2,1,1,1
18,4153,42,3,1,1,2,1.0,3,1,3,4,3,2,3,3,2,3,1,1,2
16,2625,43,4,1,1,2,1.0,5,1,5,1,3,3,2,1,1,3,2,1,2
20,3485,44,4,1,2,2,1.0,2,4,5,1,1,1,1,3,2,3,2,1,1
36,10477,42,4,1,2,2,1.0,5,4,5,2,3,1,4,3,3,3,1,1,1
15,1386,40,2,1,1,4,1.0,3,4,3,5,4,1,1,3,1,3,2,1,1
24,1278,36,1,1,1,4,1.0,5,4,3,5,3,1,1,3,2,4,2,1,1
12,1107,20,2,2,1,2,1.0,3,1,3,5,3,1,1,3,1,4,2,1,1
21,3763,24,2,1,1,2,1.0,4,1,3,1,3,2,1,3,2,2,1,2,1
36,3711,27,2,1,1,2,1.0,3,2,3,8,4,1,3,3,2,3,1,1,1
15,3594,46,2,1,2,1,1.0,2,4,4,2,2,1,2,3,2,2,1,1,1
9,3195,33,2,1,1,1,1.0,3,2,3,1,2,1,1,3,2,2,1,1,1
36,4454,34,4,1,2,4,1.0,3,4,4,5,2,1,1,3,2,3,1,1,1
24,4736,25,4,1,1,2,1.0,2,2,5,4,2,1,3,1,2,2,1,1,2
30,2991,25,4,1,1,2,1.0,5,2,3,5,2,1,3,3,2,3,1,1,1
11,2142,28,2,1,1,1,4.0,5,4,3,10,1,1,1,3,2,3,2,1,1
24,3161,31,2,1,1,4,1.0,3,1,2,10,3,1,2,3,1,3,2,1,2
48,18424,32,2,1,1,1,1.0,3,2,1,3,2,1,2,1,2,4,2,2,2
10,2848,32,2,2,1,1,2.0,3,4,3,2,3,2,1,3,2,3,1,1,1
6,14896,68,4,1,1,1,1.0,5,1,3,1,3,1,4,1,2,4,2,1,2
24,2359,33,1,1,1,1,2.0,1,1,3,4,1,1,2,3,2,3,1,1,2
24,3345,39,2,1,1,4,1.0,5,1,3,4,3,1,2,3,1,4,2,1,2
18,1817,28,2,1,2,4,1.0,3,4,5,4,2,1,4,3,2,3,1,1,1
48,12749,37,1,1,1,4,3.0,4,4,4,5,3,1,3,3,2,4,2,1,1
9,1366,22,4,1,1,3,1.0,2,1,3,5,2,1,2,3,1,3,1,1,2
12,2002,30,4,2,1,3,1.0,4,2,3,1,3,1,2,3,1,3,2,1,1
24,6872,55,1,1,1,2,1.0,2,1,2,4,1,1,2,1,2,3,2,1,2
12,697,46,2,1,2,4,1.0,2,1,2,1,3,1,3,1,2,3,2,1,2
18,1049,21,4,1,1,4,1.0,2,1,5,4,2,1,2,3,1,3,1,1,1
48,10297,39,4,2,3,4,1.0,4,1,3,2,3,1,4,2,3,3,2,1,2
30,1867,58,4,1,1,4,1.0,5,4,3,5,3,1,3,3,2,3,2,1,1
12,1344,43,2,2,2,4,1.0,3,1,4,1,3,1,1,3,2,2,1,1,1
24,1747,24,1,1,1,4,1.0,2,1,3,4,3,2,2,3,2,2,1,2,1
9,1670,22,2,1,1,4,1.0,2,2,3,5,2,1,3,3,2,3,2,1,2
9,1224,30,1,1,2,3,1.0,3,4,5,1,3,1,1,3,2,3,1,1,1
12,522,42,4,2,2,4,3.0,5,4,5,5,3,1,2,3,2,3,2,1,1
12,1498,23,1,1,1,4,1.0,3,1,3,5,2,1,3,1,2,3,1,1,1
30,1919,30,3,1,2,4,2.0,2,2,4,5,3,1,4,2,2,4,1,1,2
9,745,28,2,1,1,3,1.0,3,3,3,5,2,1,1,3,2,2,1,1,2
6,2063,30,3,1,1,4,1.0,2,2,3,5,4,1,3,3,1,4,2,1,1
60,6288,42,4,1,1,4,1.0,3,2,3,8,3,1,4,3,3,3,1,1,2
24,6842,46,4,2,2,2,1.0,3,4,5,2,3,1,2,3,2,4,2,1,1
12,3527,45,3,2,1,2,1.0,2,4,3,1,3,1,2,3,2,4,2,1,1
10,1546,31,2,2,1,3,1.0,3,4,3,1,3,1,1,3,2,2,1,2,1
24,929,31,2,1,1,4,1.0,4,4,3,4,3,1,3,2,2,3,2,1,1
4,1455,42,1,2,3,2,1.0,4,4,5,1,3,1,1,3,2,2,1,1,1
15,1845,46,1,1,1,4,1.0,2,1,3,4,2,3,2,3,1,3,1,1,1
48,8358,30,1,1,2,1,3.0,2,2,1,1,2,1,3,3,2,3,1,1,1
24,3349,30,4,2,1,4,3.0,2,1,2,4,3,1,4,3,3,3,2,1,2
12,2859,38,4,1,1,4,1.0,1,4,3,1,3,1,4,3,2,4,2,1,1
18,1533,43,1,2,1,4,1.0,2,4,3,4,4,2,2,3,2,2,1,1,2
24,3621,31,4,1,2,2,2.0,5,4,3,5,3,1,3,3,2,3,1,1,2
18,3590,40,3,2,3,3,1.0,1,2,5,10,4,1,3,3,2,1,2,1,1
36,2145,24,1,1,2,2,1.0,4,1,4,10,3,1,3,3,2,3,2,1,2
24,4113,28,4,1,1,3,3.0,2,2,3,2,2,1,3,3,1,3,1,1,2
36,10974,26,2,1,2,4,1.0,1,4,3,4,2,1,3,3,2,4,2,1,2
12,1893,29,4,1,1,4,1.0,3,1,3,1,2,3,2,3,2,3,2,1,1
24,1231,57,4,1,2,4,4.0,5,1,5,5,2,1,2,3,1,4,2,1,1
30,3656,49,4,1,2,4,1.0,5,3,5,5,3,1,2,2,2,2,1,1,1
9,1154,37,4,1,3,2,1.0,5,2,5,5,3,1,1,3,2,2,1,1,1
28,4006,45,2,1,1,3,1.0,3,1,3,1,3,1,3,3,2,2,1,1,2
24,3069,30,4,1,1,4,2.0,5,2,3,4,3,1,4,3,3,3,1,1,1
6,1740,30,2,1,2,2,1.0,5,4,5,5,4,1,1,3,1,3,1,1,1
21,2353,47,4,1,2,1,1.0,3,2,4,1,1,1,2,3,2,3,1,1,1
15,3556,29,2,1,1,3,1.0,3,4,3,1,3,1,4,3,2,3,1,1,1
24,2397,35,2,1,2,3,3.0,5,4,3,5,3,1,3,1,2,3,2,1,2
6,454,22,1,1,1,3,1.0,2,2,3,7,4,1,2,3,2,2,1,1,1
30,1715,26,1,1,1,4,1.0,3,2,3,5,2,1,3,3,2,3,1,1,1
27,2520,23,2,1,2,4,3.0,3,2,5,5,3,1,2,3,2,2,1,1,2
15,3568,54,2,1,1,4,1.0,5,4,3,5,2,1,3,1,1,4,2,1,1
42,7166,29,4,1,1,2,1.0,4,4,3,5,4,1,2,3,1,3,2,1,1
11,3939,40,2,2,2,1,1.0,3,1,5,1,3,1,1,3,2,2,1,1,1
15,1514,22,2,1,1,4,2.0,3,2,3,7,3,3,1,3,2,3,1,1,1
24,7393,43,4,2,1,1,1.0,3,4,3,1,3,1,2,3,2,2,1,1,1
24,1193,29,4,1,2,1,1.0,1,1,2,1,2,2,4,3,1,1,1,1,2
60,7297,36,4,1,1,4,1.0,5,1,3,10,3,2,4,3,1,3,1,1,2
30,2831,33,2,1,1,4,1.0,3,4,5,5,2,1,3,3,2,3,2,1,1
24,1258,57,3,1,1,3,3.0,3,3,3,5,2,1,3,3,2,2,1,1,1
6,753,64,3,1,1,2,1.0,3,2,3,5,2,3,1,3,2,3,1,1,1
18,2427,42,2,1,2,4,1.0,5,2,4,10,3,1,2,3,2,3,1,1,1
24,2538,47,4,2,2,4,1.0,5,4,4,1,3,1,3,3,2,2,1,1,2
15,1264,25,2,1,1,2,2.0,3,2,2,1,4,1,2,3,1,3,1,1,2
30,8386,49,2,1,1,2,1.0,4,2,5,4,3,1,2,3,2,3,1,1,2
48,4844,33,2,1,1,3,1.0,1,4,3,10,3,1,3,1,1,4,2,1,2
21,2923,28,1,1,1,1,2.0,3,3,3,1,2,1,3,1,2,4,2,1,1
36,8229,26,2,2,1,2,1.0,3,1,3,2,3,1,2,3,2,3,1,1,2
24,2028,30,2,1,2,2,1.0,4,4,5,4,3,1,2,3,2,2,1,1,1
15,1433,25,3,1,2,4,1.0,3,1,5,4,2,1,2,3,1,3,1,1,1
42,6289,33,1,1,2,2,1.0,2,3,1,10,1,1,2,3,2,3,1,1,1
13,1409,64,4,1,1,2,2.0,1,4,3,5,2,1,1,3,2,3,1,1,1
24,6579,29,2,1,1,4,1.0,1,1,3,2,3,1,4,3,3,4,2,1,1
24,1743,48,2,1,2,4,1.0,5,2,5,5,3,1,2,3,2,2,1,1,1
12,3565,37,1,2,2,2,1.0,2,4,5,8,3,1,2,3,2,2,1,1,1
15,1569,34,4,2,1,4,2.0,5,4,2,5,3,1,3,1,2,2,1,1,1
18,1936,23,4,1,2,2,1.0,4,1,3,5,4,1,3,3,1,2,1,1,1
36,3959,30,3,1,1,4,1.0,1,1,3,4,3,1,2,3,2,4,2,1,1
12,2390,50,3,1,1,4,1.0,5,4,3,1,3,1,3,3,2,3,2,1,1
12,1736,31,4,1,1,3,1.0,4,4,3,4,2,1,1,3,2,2,1,1,1
30,3857,40,4,1,1,4,1.0,3,1,3,2,1,1,2,3,2,4,2,1,1
12,804,38,4,1,1,4,1.0,5,4,3,5,3,1,3,3,2,3,1,1,1
45,1845,23,4,1,1,4,1.0,3,1,3,5,3,1,4,3,3,3,2,1,2
45,4576,27,4,1,1,3,2.0,1,2,5,2,3,1,3,3,2,3,1,1,1
